-- MySQL dump 10.13  Distrib 8.0.41, for Linux (x86_64)
--
-- Host: 172.4.0.2    Database: IVP
-- ------------------------------------------------------
-- Server version	5.7.44

/*!40101 SET @OLD_CHARACTER_SET_CLIENT=@@CHARACTER_SET_CLIENT */;
/*!40101 SET @OLD_CHARACTER_SET_RESULTS=@@CHARACTER_SET_RESULTS */;
/*!40101 SET @OLD_COLLATION_CONNECTION=@@COLLATION_CONNECTION */;
/*!50503 SET NAMES utf8mb4 */;
/*!40103 SET @OLD_TIME_ZONE=@@TIME_ZONE */;
/*!40103 SET TIME_ZONE='+00:00' */;
/*!40014 SET @OLD_UNIQUE_CHECKS=@@UNIQUE_CHECKS, UNIQUE_CHECKS=0 */;
/*!40014 SET @OLD_FOREIGN_KEY_CHECKS=@@FOREIGN_KEY_CHECKS, FOREIGN_KEY_CHECKS=0 */;
/*!40101 SET @OLD_SQL_MODE=@@SQL_MODE, SQL_MODE='NO_AUTO_VALUE_ON_ZERO' */;
/*!40111 SET @OLD_SQL_NOTES=@@SQL_NOTES, SQL_NOTES=0 */;

--
-- Current Database: `IVP`
--

CREATE DATABASE /*!32312 IF NOT EXISTS*/ `IVP` /*!40100 DEFAULT CHARACTER SET latin1 */;

USE `IVP`;

--
-- Table structure for table `eventLog`
--

DROP TABLE IF EXISTS `eventLog`;
/*!40101 SET @saved_cs_client     = @@character_set_client */;
/*!50503 SET character_set_client = utf8mb4 */;
CREATE TABLE `eventLog` (
  `id` int(10) unsigned NOT NULL AUTO_INCREMENT COMMENT 'Primary key',
  `description` text NOT NULL COMMENT 'The log message content',
  `source` text NOT NULL COMMENT 'The name of the plugin or other agent that logged the event',
  `timestamp` timestamp NOT NULL DEFAULT CURRENT_TIMESTAMP ON UPDATE CURRENT_TIMESTAMP COMMENT 'The date and time of the event in UTC',
  `logLevel` enum('Debug','Info','Warning','Error','Fatal') NOT NULL COMMENT 'The type of event being logged, one of   	- Debug 	- Info 	- Warn 	- Error',
  `uploaded` tinyint(1) NOT NULL DEFAULT '0',
  PRIMARY KEY (`id`)
) ENGINE=InnoDB AUTO_INCREMENT=1224 DEFAULT CHARSET=latin1 COMMENT='This table records events generated by every IVP core component and plugin in the IVP platform.  ';
/*!40101 SET character_set_client = @saved_cs_client */;

--
-- Dumping data for table `eventLog`
--

LOCK TABLES `eventLog` WRITE;
/*!40000 ALTER TABLE `eventLog` DISABLE KEYS */;
INSERT INTO `eventLog` VALUES (1,'------------------------','--------','2025-03-06 19:20:49','Debug',0),(2,'IVP Core Starting','Ivp Core','2025-03-06 19:20:49','Info',0),(3,'Plugin registered','ivpcore.PluginMonitor','2025-03-06 19:20:50','Info',0),(4,'Plugin registered','ivpcore.MessageProfiler','2025-03-06 19:20:51','Info',0),(5,'Plugin registered','ivpcore.HistoryManager','2025-03-06 19:20:51','Info',0),(6,'Plugin registered','CARMAStreetsPlugin','2025-03-06 19:21:07','Info',0),(7,'Plugin registered','CDASimAdapter','2025-03-06 19:21:08','Info',0),(8,'Plugin registered','CommandPlugin','2025-03-06 19:21:09','Info',0),(9,'Plugin registered','ImmediateForward','2025-03-06 19:21:09','Info',0),(10,'Plugin registered','MAP','2025-03-06 19:21:11','Info',0),(11,'Plugin registered','MessageReceiver','2025-03-06 19:21:12','Info',0),(12,'Plugin \'CARMAStreetsPlugin\' (id: 2) startup time: 1008 milliseconds','ivpcore.PluginMonitor','2025-03-06 19:21:12','Info',0),(13,'Plugin \'CDASimAdapter\' (id: 3) startup time: 1796 milliseconds','ivpcore.PluginMonitor','2025-03-06 19:21:12','Info',0),(14,'Plugin \'CommandPlugin\' (id: 4) startup time: 2591 milliseconds','ivpcore.PluginMonitor','2025-03-06 19:21:12','Info',0),(15,'Plugin \'ImmediateForward\' (id: 8) startup time: 3392 milliseconds','ivpcore.PluginMonitor','2025-03-06 19:21:12','Info',0),(16,'Plugin \'MAP\' (id: 10) startup time: 4162 milliseconds','ivpcore.PluginMonitor','2025-03-06 19:21:12','Info',0),(17,'Plugin \'MessageReceiver\' (id: 12) startup time: 4871 milliseconds','ivpcore.PluginMonitor','2025-03-06 19:21:12','Info',0),(18,'Plugin registered','SPAT','2025-03-06 19:22:24','Info',0),(19,'SPAT encountered unhandled exception: (Unknown source): Failed to establish session with target device\nbacktrace: (Hint: Use addr2line -C -e <exe> 0x#######) to find line number)\nSpatPlugin(+0x41bc9) [0x593a5cf3fbc9]\nSpatPlugin(+0x20b58) [0x593a5cf1eb58]\nSpatPlugin(+0xe6dc3) [0x593a5cfe4dc3]\nSpatPlugin(+0x1ff14) [0x593a5cf1df14]\n/usr/local/lib/libtmxapi.so(ivp_onMessageReceived+0x13d) [0x79b74477c41d]\n/usr/local/lib/libtmxapi.so(+0x7624) [0x79b74477c624]\n/usr/local/lib/libtmxapi.so(ivp_receive+0x12) [0x79b74477c712]\n/lib/x86_64-linux-gnu/libc.so.6(+0x94ac3) [0x79b743fbbac3]\n/lib/x86_64-linux-gnu/libc.so.6(clone+0x44) [0x79b74404ca04]\ndiagnostic info:\n/home/V2X-Hub/src/tmx/TmxUtils/src/PluginExec.cpp(188): Throw in function ExceptionToString\nDynamic exception type: tmx::utils::PluginException\nstd::exception::what: Failed to establish session with target device\n\n','SPAT','2025-03-06 19:22:24','Warning',0),(20,'Plugin \'SPAT\' (id: 18) startup time: 959 milliseconds','ivpcore.PluginMonitor','2025-03-06 19:22:28','Info',0),(21,'------------------------','--------','2025-03-06 19:23:32','Debug',0),(22,'IVP Core Starting','Ivp Core','2025-03-06 19:23:32','Info',0),(23,'Plugin registered','ivpcore.PluginMonitor','2025-03-06 19:23:33','Info',0),(24,'Plugin registered','ivpcore.MessageProfiler','2025-03-06 19:23:33','Info',0),(25,'Plugin registered','ivpcore.HistoryManager','2025-03-06 19:23:33','Info',0),(26,'Plugin registered','CARMAStreetsPlugin','2025-03-06 19:23:49','Info',0),(27,'Plugin registered','CDASimAdapter','2025-03-06 19:23:50','Info',0),(28,'Plugin registered','CommandPlugin','2025-03-06 19:23:51','Info',0),(29,'Plugin registered','ImmediateForward','2025-03-06 19:23:52','Info',0),(30,'Plugin registered','MAP','2025-03-06 19:23:53','Info',0),(31,'Plugin registered','MessageReceiver','2025-03-06 19:23:54','Info',0),(32,'Plugin \'CARMAStreetsPlugin\' (id: 2) startup time: 797 milliseconds','ivpcore.PluginMonitor','2025-03-06 19:23:54','Info',0),(33,'Plugin \'CDASimAdapter\' (id: 3) startup time: 1613 milliseconds','ivpcore.PluginMonitor','2025-03-06 19:23:54','Info',0),(34,'Plugin \'CommandPlugin\' (id: 4) startup time: 2509 milliseconds','ivpcore.PluginMonitor','2025-03-06 19:23:54','Info',0),(35,'Plugin \'ImmediateForward\' (id: 8) startup time: 3340 milliseconds','ivpcore.PluginMonitor','2025-03-06 19:23:54','Info',0),(36,'Plugin \'MAP\' (id: 10) startup time: 4199 milliseconds','ivpcore.PluginMonitor','2025-03-06 19:23:54','Info',0),(37,'Plugin \'MessageReceiver\' (id: 12) startup time: 5063 milliseconds','ivpcore.PluginMonitor','2025-03-06 19:23:54','Info',0),(38,'Plugin registered','SPAT','2025-03-06 19:23:55','Info',0),(39,'SPAT encountered unhandled exception: (Unknown source): Failed to establish session with target device\nbacktrace: (Hint: Use addr2line -C -e <exe> 0x#######) to find line number)\nSpatPlugin(+0x41bc9) [0x575221a09bc9]\nSpatPlugin(+0x20b58) [0x5752219e8b58]\nSpatPlugin(+0xe6dc3) [0x575221aaedc3]\nSpatPlugin(+0x1ff14) [0x5752219e7f14]\n/usr/local/lib/libtmxapi.so(ivp_onMessageReceived+0x13d) [0x75a42248a41d]\n/usr/local/lib/libtmxapi.so(+0x7624) [0x75a42248a624]\n/usr/local/lib/libtmxapi.so(ivp_receive+0x12) [0x75a42248a712]\n/lib/x86_64-linux-gnu/libc.so.6(+0x94ac3) [0x75a421cc9ac3]\n/lib/x86_64-linux-gnu/libc.so.6(clone+0x44) [0x75a421d5aa04]\ndiagnostic info:\n/home/V2X-Hub/src/tmx/TmxUtils/src/PluginExec.cpp(188): Throw in function ExceptionToString\nDynamic exception type: tmx::utils::PluginException\nstd::exception::what: Failed to establish session with target device\n\n','SPAT','2025-03-06 19:23:55','Warning',0),(40,'Plugin \'SPAT\' (id: 18) startup time: 5884 milliseconds','ivpcore.PluginMonitor','2025-03-06 19:23:59','Info',0),(41,'------------------------','--------','2025-03-06 19:49:26','Debug',0),(42,'IVP Core Starting','Ivp Core','2025-03-06 19:49:26','Info',0),(43,'Plugin registered','ivpcore.PluginMonitor','2025-03-06 19:49:27','Info',0),(44,'Plugin registered','ivpcore.MessageProfiler','2025-03-06 19:49:27','Info',0),(45,'Plugin registered','ivpcore.HistoryManager','2025-03-06 19:49:27','Info',0),(46,'Plugin registered','CARMAStreetsPlugin','2025-03-06 19:49:43','Info',0),(47,'Plugin registered','CDASimAdapter','2025-03-06 19:49:44','Info',0),(48,'Plugin registered','CommandPlugin','2025-03-06 19:49:45','Info',0),(49,'Plugin registered','ImmediateForward','2025-03-06 19:49:46','Info',0),(50,'Plugin registered','MAP','2025-03-06 19:49:47','Info',0),(51,'Plugin registered','MessageReceiver','2025-03-06 19:49:48','Info',0),(52,'Plugin \'CARMAStreetsPlugin\' (id: 2) startup time: 854 milliseconds','ivpcore.PluginMonitor','2025-03-06 19:49:48','Info',0),(53,'Plugin \'CDASimAdapter\' (id: 3) startup time: 1705 milliseconds','ivpcore.PluginMonitor','2025-03-06 19:49:48','Info',0),(54,'Plugin \'CommandPlugin\' (id: 4) startup time: 2604 milliseconds','ivpcore.PluginMonitor','2025-03-06 19:49:48','Info',0),(55,'Plugin \'ImmediateForward\' (id: 8) startup time: 3387 milliseconds','ivpcore.PluginMonitor','2025-03-06 19:49:48','Info',0),(56,'Plugin \'MAP\' (id: 10) startup time: 4263 milliseconds','ivpcore.PluginMonitor','2025-03-06 19:49:48','Info',0),(57,'Plugin \'MessageReceiver\' (id: 12) startup time: 5172 milliseconds','ivpcore.PluginMonitor','2025-03-06 19:49:48','Info',0),(58,'Plugin registered','SPAT','2025-03-06 19:49:49','Info',0),(59,'Plugin \'SPAT\' (id: 18) startup time: 5994 milliseconds','ivpcore.PluginMonitor','2025-03-06 19:49:53','Info',0),(60,'Plugin deconstructing','SPAT','2025-03-06 19:50:08','Warning',0),(61,'Plugin registered','SPAT','2025-03-06 19:50:14','Info',0),(62,'Plugin \'SPAT\' (id: 18) startup time: 531 milliseconds','ivpcore.PluginMonitor','2025-03-06 19:50:18','Info',0),(63,'------------------------','--------','2025-03-06 19:50:58','Debug',0),(64,'IVP Core Starting','Ivp Core','2025-03-06 19:50:58','Info',0),(65,'Plugin registered','ivpcore.PluginMonitor','2025-03-06 19:50:59','Info',0),(66,'Plugin registered','ivpcore.MessageProfiler','2025-03-06 19:50:59','Info',0),(67,'Plugin registered','ivpcore.HistoryManager','2025-03-06 19:51:00','Info',0),(68,'Plugin registered','CARMAStreetsPlugin','2025-03-06 19:51:15','Info',0),(69,'Plugin registered','CDASimAdapter','2025-03-06 19:51:16','Info',0),(70,'Plugin registered','CommandPlugin','2025-03-06 19:51:17','Info',0),(71,'Plugin registered','ImmediateForward','2025-03-06 19:51:18','Info',0),(72,'Plugin registered','MAP','2025-03-06 19:51:19','Info',0),(73,'Plugin registered','MessageReceiver','2025-03-06 19:51:20','Info',0),(74,'Plugin \'CARMAStreetsPlugin\' (id: 2) startup time: 900 milliseconds','ivpcore.PluginMonitor','2025-03-06 19:51:21','Info',0),(75,'Plugin \'CDASimAdapter\' (id: 3) startup time: 1688 milliseconds','ivpcore.PluginMonitor','2025-03-06 19:51:21','Info',0),(76,'Plugin \'CommandPlugin\' (id: 4) startup time: 2507 milliseconds','ivpcore.PluginMonitor','2025-03-06 19:51:21','Info',0),(77,'Plugin \'ImmediateForward\' (id: 8) startup time: 3316 milliseconds','ivpcore.PluginMonitor','2025-03-06 19:51:21','Info',0),(78,'Plugin \'MAP\' (id: 10) startup time: 4163 milliseconds','ivpcore.PluginMonitor','2025-03-06 19:51:21','Info',0),(79,'Plugin \'MessageReceiver\' (id: 12) startup time: 4949 milliseconds','ivpcore.PluginMonitor','2025-03-06 19:51:21','Info',0),(80,'Plugin registered','SPAT','2025-03-06 19:51:21','Info',0),(81,'Plugin \'SPAT\' (id: 18) startup time: 5777 milliseconds','ivpcore.PluginMonitor','2025-03-06 19:51:26','Info',0),(82,'Plugin deconstructing','SPAT','2025-03-06 19:52:57','Warning',0),(83,'Plugin registered','SPAT','2025-03-06 19:53:02','Info',0),(84,'Plugin \'SPAT\' (id: 18) startup time: 633 milliseconds','ivpcore.PluginMonitor','2025-03-06 19:53:07','Info',0),(85,'Plugin deconstructing','SPAT','2025-03-06 19:54:17','Warning',0),(86,'Plugin registered','SPAT','2025-03-06 19:54:28','Info',0),(87,'Plugin \'SPAT\' (id: 18) startup time: 816 milliseconds','ivpcore.PluginMonitor','2025-03-06 19:54:33','Info',0),(88,'SPAT encountered unhandled exception: could not bind UDP socket with: \"172.4.0.2:6053\"\nbacktrace: (Hint: Use addr2line -C -e <exe> 0x#######) to find line number)\nSpatPlugin(+0x41bc9) [0x64e8650ecbc9]\nSpatPlugin(+0x10a080) [0x64e8651b5080]\nSpatPlugin(+0x23755) [0x64e8650ce755]\nSpatPlugin(+0x36339) [0x64e8650e1339]\nSpatPlugin(+0xda316) [0x64e865185316]\nSpatPlugin(+0xe77c5) [0x64e8651927c5]\n/usr/local/lib/libtmxapi.so(ivp_onMessageReceived+0x129) [0x79fb75689409]\n/usr/local/lib/libtmxapi.so(+0x7624) [0x79fb75689624]\n/usr/local/lib/libtmxapi.so(ivp_receive+0x12) [0x79fb75689712]\n/lib/x86_64-linux-gnu/libc.so.6(+0x94ac3) [0x79fb74ec8ac3]\n/lib/x86_64-linux-gnu/libc.so.6(clone+0x44) [0x79fb74f59a04]\ndiagnostic info:\nThrow location unknown (consider using BOOST_THROW_EXCEPTION)\nDynamic exception type: tmx::utils::UdpServerRuntimeError\nstd::exception::what: could not bind UDP socket with: \"172.4.0.2:6053\"\n\n','SPAT','2025-03-06 19:54:46','Warning',0),(89,'Plugin deconstructing','SPAT','2025-03-06 19:55:38','Warning',0),(90,'Plugin registered','SPAT','2025-03-06 19:55:44','Info',0),(91,'Plugin \'SPAT\' (id: 18) startup time: 1074 milliseconds','ivpcore.PluginMonitor','2025-03-06 19:55:48','Info',0),(92,'SPAT encountered unhandled exception: could not bind UDP socket with: \"172.4.0.2:6053\"\nbacktrace: (Hint: Use addr2line -C -e <exe> 0x#######) to find line number)\nSpatPlugin(+0x41bc9) [0x60553ad71bc9]\nSpatPlugin(+0x10a080) [0x60553ae3a080]\nSpatPlugin(+0x23755) [0x60553ad53755]\nSpatPlugin(+0x36339) [0x60553ad66339]\nSpatPlugin(+0xda316) [0x60553ae0a316]\nSpatPlugin(+0xe77c5) [0x60553ae177c5]\n/usr/local/lib/libtmxapi.so(ivp_onMessageReceived+0x129) [0x7047e0fd0409]\n/usr/local/lib/libtmxapi.so(+0x7624) [0x7047e0fd0624]\n/usr/local/lib/libtmxapi.so(ivp_receive+0x12) [0x7047e0fd0712]\n/lib/x86_64-linux-gnu/libc.so.6(+0x94ac3) [0x7047e080fac3]\n/lib/x86_64-linux-gnu/libc.so.6(clone+0x44) [0x7047e08a0a04]\ndiagnostic info:\nThrow location unknown (consider using BOOST_THROW_EXCEPTION)\nDynamic exception type: tmx::utils::UdpServerRuntimeError\nstd::exception::what: could not bind UDP socket with: \"172.4.0.2:6053\"\n\n','SPAT','2025-03-06 19:55:58','Warning',0),(93,'SPAT encountered unhandled exception: could not bind UDP socket with: \"172.4.0.2:6053\"\nbacktrace: (Hint: Use addr2line -C -e <exe> 0x#######) to find line number)\nSpatPlugin(+0x41bc9) [0x60553ad71bc9]\nSpatPlugin(+0x10a080) [0x60553ae3a080]\nSpatPlugin(+0x23755) [0x60553ad53755]\nSpatPlugin(+0x36339) [0x60553ad66339]\nSpatPlugin(+0xda316) [0x60553ae0a316]\nSpatPlugin(+0xe77c5) [0x60553ae177c5]\n/usr/local/lib/libtmxapi.so(ivp_onMessageReceived+0x129) [0x7047e0fd0409]\n/usr/local/lib/libtmxapi.so(+0x7624) [0x7047e0fd0624]\n/usr/local/lib/libtmxapi.so(ivp_receive+0x12) [0x7047e0fd0712]\n/lib/x86_64-linux-gnu/libc.so.6(+0x94ac3) [0x7047e080fac3]\n/lib/x86_64-linux-gnu/libc.so.6(clone+0x44) [0x7047e08a0a04]\ndiagnostic info:\nThrow location unknown (consider using BOOST_THROW_EXCEPTION)\nDynamic exception type: tmx::utils::UdpServerRuntimeError\nstd::exception::what: could not bind UDP socket with: \"172.4.0.2:6053\"\n\n','SPAT','2025-03-06 19:56:06','Warning',0),(94,'Plugin deconstructing','SPAT','2025-03-06 19:56:19','Warning',0),(95,'Plugin registered','SPAT','2025-03-06 19:56:24','Info',0),(96,'Plugin \'SPAT\' (id: 18) startup time: 649 milliseconds','ivpcore.PluginMonitor','2025-03-06 19:56:29','Info',0),(97,'SPAT encountered unhandled exception: could not bind UDP socket with: \"172.4.0.2:6053\"\nbacktrace: (Hint: Use addr2line -C -e <exe> 0x#######) to find line number)\nSpatPlugin(+0x41bc9) [0x57824f67abc9]\nSpatPlugin(+0x10a080) [0x57824f743080]\nSpatPlugin(+0x23755) [0x57824f65c755]\nSpatPlugin(+0x36339) [0x57824f66f339]\nSpatPlugin(+0xda316) [0x57824f713316]\nSpatPlugin(+0xe77c5) [0x57824f7207c5]\n/usr/local/lib/libtmxapi.so(ivp_onMessageReceived+0x129) [0x720612643409]\n/usr/local/lib/libtmxapi.so(+0x7624) [0x720612643624]\n/usr/local/lib/libtmxapi.so(ivp_receive+0x12) [0x720612643712]\n/lib/x86_64-linux-gnu/libc.so.6(+0x94ac3) [0x720611e82ac3]\n/lib/x86_64-linux-gnu/libc.so.6(clone+0x44) [0x720611f13a04]\ndiagnostic info:\nThrow location unknown (consider using BOOST_THROW_EXCEPTION)\nDynamic exception type: tmx::utils::UdpServerRuntimeError\nstd::exception::what: could not bind UDP socket with: \"172.4.0.2:6053\"\n\n','SPAT','2025-03-06 19:56:36','Warning',0),(98,'------------------------','--------','2025-03-06 19:58:11','Debug',0),(99,'IVP Core Starting','Ivp Core','2025-03-06 19:58:11','Info',0),(100,'Plugin registered','ivpcore.PluginMonitor','2025-03-06 19:58:12','Info',0),(101,'Plugin registered','ivpcore.MessageProfiler','2025-03-06 19:58:12','Info',0),(102,'Plugin registered','ivpcore.HistoryManager','2025-03-06 19:58:13','Info',0),(103,'Plugin registered','CARMAStreetsPlugin','2025-03-06 19:58:28','Info',0),(104,'Plugin registered','CDASimAdapter','2025-03-06 19:58:29','Info',0),(105,'Plugin registered','CommandPlugin','2025-03-06 19:58:30','Info',0),(106,'Plugin registered','ImmediateForward','2025-03-06 19:58:31','Info',0),(107,'Plugin registered','MAP','2025-03-06 19:58:32','Info',0),(108,'Plugin registered','MessageReceiver','2025-03-06 19:58:33','Info',0),(109,'Plugin \'CARMAStreetsPlugin\' (id: 2) startup time: 878 milliseconds','ivpcore.PluginMonitor','2025-03-06 19:58:33','Info',0),(110,'Plugin \'CDASimAdapter\' (id: 3) startup time: 1781 milliseconds','ivpcore.PluginMonitor','2025-03-06 19:58:33','Info',0),(111,'Plugin \'CommandPlugin\' (id: 4) startup time: 2585 milliseconds','ivpcore.PluginMonitor','2025-03-06 19:58:33','Info',0),(112,'Plugin \'ImmediateForward\' (id: 8) startup time: 3465 milliseconds','ivpcore.PluginMonitor','2025-03-06 19:58:33','Info',0),(113,'Plugin \'MAP\' (id: 10) startup time: 4306 milliseconds','ivpcore.PluginMonitor','2025-03-06 19:58:33','Info',0),(114,'Plugin \'MessageReceiver\' (id: 12) startup time: 5125 milliseconds','ivpcore.PluginMonitor','2025-03-06 19:58:34','Info',0),(115,'Plugin registered','SPAT','2025-03-06 19:58:34','Info',0),(116,'Plugin \'SPAT\' (id: 18) startup time: 5974 milliseconds','ivpcore.PluginMonitor','2025-03-06 19:58:39','Info',0),(117,'Plugin deconstructing','SPAT','2025-03-06 20:00:50','Warning',0),(118,'Plugin registered','SPAT','2025-03-06 20:00:55','Info',0),(119,'Plugin \'SPAT\' (id: 18) startup time: 323 milliseconds','ivpcore.PluginMonitor','2025-03-06 20:01:00','Info',0),(120,'Plugin deconstructing','SPAT','2025-03-06 20:01:15','Warning',0),(121,'Plugin registered','SPAT','2025-03-06 20:01:21','Info',0),(122,'Plugin \'SPAT\' (id: 18) startup time: 982 milliseconds','ivpcore.PluginMonitor','2025-03-06 20:01:25','Info',0),(123,'------------------------','--------','2025-03-06 21:20:54','Debug',0),(124,'IVP Core Starting','Ivp Core','2025-03-06 21:20:54','Info',0),(125,'Plugin registered','ivpcore.PluginMonitor','2025-03-06 21:20:56','Info',0),(126,'Plugin registered','ivpcore.MessageProfiler','2025-03-06 21:20:56','Info',0),(127,'Plugin registered','ivpcore.HistoryManager','2025-03-06 21:20:56','Info',0),(128,'Plugin registered','CARMAStreetsPlugin','2025-03-06 21:21:12','Info',0),(129,'Plugin registered','CDASimAdapter','2025-03-06 21:21:13','Info',0),(130,'Plugin registered','CommandPlugin','2025-03-06 21:21:14','Info',0),(131,'Plugin registered','ImmediateForward','2025-03-06 21:21:15','Info',0),(132,'Plugin registered','MAP','2025-03-06 21:21:16','Info',0),(133,'Plugin registered','MessageReceiver','2025-03-06 21:21:17','Info',0),(134,'Plugin \'CARMAStreetsPlugin\' (id: 2) startup time: 884 milliseconds','ivpcore.PluginMonitor','2025-03-06 21:21:17','Info',0),(135,'Plugin \'CDASimAdapter\' (id: 3) startup time: 1713 milliseconds','ivpcore.PluginMonitor','2025-03-06 21:21:17','Info',0),(136,'Plugin \'CommandPlugin\' (id: 4) startup time: 2520 milliseconds','ivpcore.PluginMonitor','2025-03-06 21:21:17','Info',0),(137,'Plugin \'ImmediateForward\' (id: 8) startup time: 3320 milliseconds','ivpcore.PluginMonitor','2025-03-06 21:21:17','Info',0),(138,'Plugin \'MAP\' (id: 10) startup time: 4184 milliseconds','ivpcore.PluginMonitor','2025-03-06 21:21:17','Info',0),(139,'Plugin \'MessageReceiver\' (id: 12) startup time: 5005 milliseconds','ivpcore.PluginMonitor','2025-03-06 21:21:17','Info',0),(140,'Plugin registered','SPAT','2025-03-06 21:21:18','Info',0),(141,'Plugin \'SPAT\' (id: 18) startup time: 5780 milliseconds','ivpcore.PluginMonitor','2025-03-06 21:21:22','Info',0),(142,'Plugin deconstructing','SPAT','2025-03-06 21:33:54','Warning',0),(143,'Plugin registered','SPAT','2025-03-06 21:34:00','Info',0),(144,'Plugin \'SPAT\' (id: 18) startup time: 630 milliseconds','ivpcore.PluginMonitor','2025-03-06 21:34:04','Info',0),(145,'------------------------','--------','2025-03-06 21:40:14','Debug',0),(146,'IVP Core Starting','Ivp Core','2025-03-06 21:40:14','Info',0),(147,'Plugin registered','ivpcore.PluginMonitor','2025-03-06 21:40:15','Info',0),(148,'Plugin registered','ivpcore.MessageProfiler','2025-03-06 21:40:15','Info',0),(149,'Plugin registered','ivpcore.HistoryManager','2025-03-06 21:40:15','Info',0),(150,'Plugin registered','CARMAStreetsPlugin','2025-03-06 21:40:31','Info',0),(151,'Plugin registered','CDASimAdapter','2025-03-06 21:40:32','Info',0),(152,'Plugin registered','CommandPlugin','2025-03-06 21:40:33','Info',0),(153,'Plugin registered','ImmediateForward','2025-03-06 21:40:34','Info',0),(154,'Plugin registered','MAP','2025-03-06 21:40:35','Info',0),(155,'Plugin registered','MessageReceiver','2025-03-06 21:40:36','Info',0),(156,'Plugin \'CARMAStreetsPlugin\' (id: 2) startup time: 864 milliseconds','ivpcore.PluginMonitor','2025-03-06 21:40:36','Info',0),(157,'Plugin \'CDASimAdapter\' (id: 3) startup time: 1685 milliseconds','ivpcore.PluginMonitor','2025-03-06 21:40:36','Info',0),(158,'Plugin \'CommandPlugin\' (id: 4) startup time: 2542 milliseconds','ivpcore.PluginMonitor','2025-03-06 21:40:36','Info',0),(159,'Plugin \'ImmediateForward\' (id: 8) startup time: 3328 milliseconds','ivpcore.PluginMonitor','2025-03-06 21:40:36','Info',0),(160,'Plugin \'MAP\' (id: 10) startup time: 4201 milliseconds','ivpcore.PluginMonitor','2025-03-06 21:40:36','Info',0),(161,'Plugin \'MessageReceiver\' (id: 12) startup time: 5004 milliseconds','ivpcore.PluginMonitor','2025-03-06 21:40:36','Info',0),(162,'Plugin registered','SPAT','2025-03-06 21:40:37','Info',0),(163,'Plugin \'SPAT\' (id: 18) startup time: 5747 milliseconds','ivpcore.PluginMonitor','2025-03-06 21:40:41','Info',0),(164,'------------------------','--------','2025-03-06 21:55:58','Debug',0),(165,'IVP Core Starting','Ivp Core','2025-03-06 21:55:58','Info',0),(166,'Plugin registered','ivpcore.PluginMonitor','2025-03-06 21:55:59','Info',0),(167,'Plugin registered','ivpcore.MessageProfiler','2025-03-06 21:56:00','Info',0),(168,'Plugin registered','ivpcore.HistoryManager','2025-03-06 21:56:00','Info',0),(169,'Plugin registered','CARMAStreetsPlugin','2025-03-06 21:56:16','Info',0),(170,'Plugin registered','CDASimAdapter','2025-03-06 21:56:16','Info',0),(171,'Plugin registered','CommandPlugin','2025-03-06 21:56:17','Info',0),(172,'Plugin registered','ImmediateForward','2025-03-06 21:56:18','Info',0),(173,'Plugin registered','MAP','2025-03-06 21:56:19','Info',0),(174,'Plugin registered','MessageReceiver','2025-03-06 21:56:20','Info',0),(175,'Plugin \'CARMAStreetsPlugin\' (id: 2) startup time: 1041 milliseconds','ivpcore.PluginMonitor','2025-03-06 21:56:21','Info',0),(176,'Plugin \'CDASimAdapter\' (id: 3) startup time: 1747 milliseconds','ivpcore.PluginMonitor','2025-03-06 21:56:21','Info',0),(177,'Plugin \'CommandPlugin\' (id: 4) startup time: 2610 milliseconds','ivpcore.PluginMonitor','2025-03-06 21:56:21','Info',0),(178,'Plugin \'ImmediateForward\' (id: 8) startup time: 3454 milliseconds','ivpcore.PluginMonitor','2025-03-06 21:56:21','Info',0),(179,'Plugin \'MAP\' (id: 10) startup time: 4333 milliseconds','ivpcore.PluginMonitor','2025-03-06 21:56:21','Info',0),(180,'Plugin \'MessageReceiver\' (id: 12) startup time: 5201 milliseconds','ivpcore.PluginMonitor','2025-03-06 21:56:21','Info',0),(181,'Plugin registered','SPAT','2025-03-06 21:56:21','Info',0),(182,'Plugin \'SPAT\' (id: 18) startup time: 6136 milliseconds','ivpcore.PluginMonitor','2025-03-06 21:56:26','Info',0),(183,'------------------------','--------','2025-03-06 22:57:37','Debug',0),(184,'IVP Core Starting','Ivp Core','2025-03-06 22:57:37','Info',0),(185,'Plugin registered','ivpcore.PluginMonitor','2025-03-06 22:57:38','Info',0),(186,'Plugin registered','ivpcore.MessageProfiler','2025-03-06 22:57:38','Info',0),(187,'Plugin registered','ivpcore.HistoryManager','2025-03-06 22:57:38','Info',0),(188,'Plugin registered','CARMAStreetsPlugin','2025-03-06 22:57:54','Info',0),(189,'Plugin registered','CDASimAdapter','2025-03-06 22:57:55','Info',0),(190,'Plugin registered','CommandPlugin','2025-03-06 22:57:56','Info',0),(191,'Plugin registered','ImmediateForward','2025-03-06 22:57:57','Info',0),(192,'Plugin registered','MAP','2025-03-06 22:57:58','Info',0),(193,'Plugin registered','MessageReceiver','2025-03-06 22:57:59','Info',0),(194,'Plugin \'CARMAStreetsPlugin\' (id: 2) startup time: 937 milliseconds','ivpcore.PluginMonitor','2025-03-06 22:57:59','Info',0),(195,'Plugin \'CDASimAdapter\' (id: 3) startup time: 1696 milliseconds','ivpcore.PluginMonitor','2025-03-06 22:57:59','Info',0),(196,'Plugin \'CommandPlugin\' (id: 4) startup time: 2373 milliseconds','ivpcore.PluginMonitor','2025-03-06 22:57:59','Info',0),(197,'Plugin \'ImmediateForward\' (id: 8) startup time: 3183 milliseconds','ivpcore.PluginMonitor','2025-03-06 22:58:00','Info',0),(198,'Plugin \'MAP\' (id: 10) startup time: 4004 milliseconds','ivpcore.PluginMonitor','2025-03-06 22:58:00','Info',0),(199,'Plugin \'MessageReceiver\' (id: 12) startup time: 4688 milliseconds','ivpcore.PluginMonitor','2025-03-06 22:58:00','Info',0),(200,'Plugin registered','SPAT','2025-03-06 22:58:00','Info',0),(201,'Plugin \'SPAT\' (id: 18) startup time: 5468 milliseconds','ivpcore.PluginMonitor','2025-03-06 22:58:05','Info',0),(202,'Plugin deconstructing','MAP','2025-03-06 22:59:10','Warning',0),(203,'Plugin registered','MAP','2025-03-06 22:59:16','Info',0),(204,'Plugin \'MAP\' (id: 10) startup time: 337 milliseconds','ivpcore.PluginMonitor','2025-03-06 22:59:21','Info',0),(205,'Plugin deconstructing','MAP','2025-03-06 22:59:36','Warning',0),(206,'Plugin registered','MAP','2025-03-06 22:59:42','Info',0),(207,'Plugin \'MAP\' (id: 10) startup time: 965 milliseconds','ivpcore.PluginMonitor','2025-03-06 22:59:46','Info',0),(208,'Plugin deconstructing','ImmediateForward','2025-03-06 23:11:58','Warning',0),(209,'Plugin registered','ImmediateForward','2025-03-06 23:12:04','Info',0),(210,'Plugin \'ImmediateForward\' (id: 8) startup time: 648 milliseconds','ivpcore.PluginMonitor','2025-03-06 23:12:09','Info',0),(211,'Plugin deconstructing','ImmediateForward','2025-03-06 23:13:29','Warning',0),(212,'Plugin registered','ImmediateForward','2025-03-06 23:13:35','Info',0),(213,'Plugin \'ImmediateForward\' (id: 8) startup time: 575 milliseconds','ivpcore.PluginMonitor','2025-03-06 23:13:40','Info',0),(214,'------------------------','--------','2025-03-06 23:17:53','Debug',0),(215,'IVP Core Starting','Ivp Core','2025-03-06 23:17:53','Info',0),(216,'Plugin registered','ivpcore.PluginMonitor','2025-03-06 23:17:54','Info',0),(217,'Plugin registered','ivpcore.MessageProfiler','2025-03-06 23:17:54','Info',0),(218,'Plugin registered','ivpcore.HistoryManager','2025-03-06 23:17:54','Info',0),(219,'Plugin registered','CARMAStreetsPlugin','2025-03-06 23:18:10','Info',0),(220,'Plugin registered','CDASimAdapter','2025-03-06 23:18:11','Info',0),(221,'Plugin registered','CommandPlugin','2025-03-06 23:18:12','Info',0),(222,'Plugin registered','ImmediateForward','2025-03-06 23:18:13','Info',0),(223,'Plugin registered','MAP','2025-03-06 23:18:14','Info',0),(224,'Plugin registered','MessageReceiver','2025-03-06 23:18:15','Info',0),(225,'Plugin \'CARMAStreetsPlugin\' (id: 2) startup time: 838 milliseconds','ivpcore.PluginMonitor','2025-03-06 23:18:15','Info',0),(226,'Plugin \'CDASimAdapter\' (id: 3) startup time: 1656 milliseconds','ivpcore.PluginMonitor','2025-03-06 23:18:15','Info',0),(227,'Plugin \'CommandPlugin\' (id: 4) startup time: 2499 milliseconds','ivpcore.PluginMonitor','2025-03-06 23:18:15','Info',0),(228,'Plugin \'ImmediateForward\' (id: 8) startup time: 3364 milliseconds','ivpcore.PluginMonitor','2025-03-06 23:18:15','Info',0),(229,'Plugin \'MAP\' (id: 10) startup time: 4288 milliseconds','ivpcore.PluginMonitor','2025-03-06 23:18:15','Info',0),(230,'Plugin \'MessageReceiver\' (id: 12) startup time: 5117 milliseconds','ivpcore.PluginMonitor','2025-03-06 23:18:15','Info',0),(231,'Plugin registered','SPAT','2025-03-06 23:18:16','Info',0),(232,'Plugin \'SPAT\' (id: 18) startup time: 5878 milliseconds','ivpcore.PluginMonitor','2025-03-06 23:18:20','Info',0),(233,'Plugin deconstructing','ImmediateForward','2025-03-06 23:27:46','Warning',0),(234,'Plugin registered','ImmediateForward','2025-03-06 23:27:57','Info',0),(235,'Plugin \'ImmediateForward\' (id: 8) startup time: 985 milliseconds','ivpcore.PluginMonitor','2025-03-06 23:28:01','Info',0),(236,'------------------------','--------','2025-03-06 23:33:08','Debug',0),(237,'IVP Core Starting','Ivp Core','2025-03-06 23:33:08','Info',0),(238,'Plugin registered','ivpcore.PluginMonitor','2025-03-06 23:33:09','Info',0),(239,'Plugin registered','ivpcore.MessageProfiler','2025-03-06 23:33:10','Info',0),(240,'Plugin registered','ivpcore.HistoryManager','2025-03-06 23:33:10','Info',0),(241,'Plugin registered','CARMAStreetsPlugin','2025-03-06 23:33:26','Info',0),(242,'Plugin registered','CDASimAdapter','2025-03-06 23:33:27','Info',0),(243,'Plugin registered','CommandPlugin','2025-03-06 23:33:28','Info',0),(244,'Plugin registered','ImmediateForward','2025-03-06 23:33:29','Info',0),(245,'Plugin registered','MAP','2025-03-06 23:33:29','Info',0),(246,'Plugin registered','MessageReceiver','2025-03-06 23:33:31','Info',0),(247,'Plugin \'CARMAStreetsPlugin\' (id: 2) startup time: 897 milliseconds','ivpcore.PluginMonitor','2025-03-06 23:33:31','Info',0),(248,'Plugin \'CDASimAdapter\' (id: 3) startup time: 1744 milliseconds','ivpcore.PluginMonitor','2025-03-06 23:33:31','Info',0),(249,'Plugin \'CommandPlugin\' (id: 4) startup time: 2600 milliseconds','ivpcore.PluginMonitor','2025-03-06 23:33:31','Info',0),(250,'Plugin \'ImmediateForward\' (id: 8) startup time: 3461 milliseconds','ivpcore.PluginMonitor','2025-03-06 23:33:31','Info',0),(251,'Plugin \'MAP\' (id: 10) startup time: 4278 milliseconds','ivpcore.PluginMonitor','2025-03-06 23:33:31','Info',0),(252,'Plugin \'MessageReceiver\' (id: 12) startup time: 5137 milliseconds','ivpcore.PluginMonitor','2025-03-06 23:33:31','Info',0),(253,'Plugin registered','SPAT','2025-03-06 23:33:32','Info',0),(254,'Plugin \'SPAT\' (id: 18) startup time: 5972 milliseconds','ivpcore.PluginMonitor','2025-03-06 23:33:36','Info',0),(255,'------------------------','--------','2025-03-06 23:35:28','Debug',0),(256,'IVP Core Starting','Ivp Core','2025-03-06 23:35:28','Info',0),(257,'Plugin registered','ivpcore.PluginMonitor','2025-03-06 23:35:29','Info',0),(258,'Plugin registered','ivpcore.MessageProfiler','2025-03-06 23:35:29','Info',0),(259,'Plugin registered','ivpcore.HistoryManager','2025-03-06 23:35:29','Info',0),(260,'Plugin registered','CARMAStreetsPlugin','2025-03-06 23:35:45','Info',0),(261,'Plugin registered','CDASimAdapter','2025-03-06 23:35:46','Info',0),(262,'Plugin registered','CommandPlugin','2025-03-06 23:35:47','Info',0),(263,'Plugin registered','ImmediateForward','2025-03-06 23:35:48','Info',0),(264,'Plugin registered','MAP','2025-03-06 23:35:49','Info',0),(265,'Plugin registered','MessageReceiver','2025-03-06 23:35:50','Info',0),(266,'Plugin \'CARMAStreetsPlugin\' (id: 2) startup time: 863 milliseconds','ivpcore.PluginMonitor','2025-03-06 23:35:50','Info',0),(267,'Plugin \'CDASimAdapter\' (id: 3) startup time: 1698 milliseconds','ivpcore.PluginMonitor','2025-03-06 23:35:50','Info',0),(268,'Plugin \'CommandPlugin\' (id: 4) startup time: 2533 milliseconds','ivpcore.PluginMonitor','2025-03-06 23:35:50','Info',0),(269,'Plugin \'ImmediateForward\' (id: 8) startup time: 3377 milliseconds','ivpcore.PluginMonitor','2025-03-06 23:35:50','Info',0),(270,'Plugin \'MAP\' (id: 10) startup time: 4199 milliseconds','ivpcore.PluginMonitor','2025-03-06 23:35:50','Info',0),(271,'Plugin \'MessageReceiver\' (id: 12) startup time: 5099 milliseconds','ivpcore.PluginMonitor','2025-03-06 23:35:50','Info',0),(272,'Plugin registered','SPAT','2025-03-06 23:35:51','Info',0),(273,'Plugin \'SPAT\' (id: 18) startup time: 5859 milliseconds','ivpcore.PluginMonitor','2025-03-06 23:35:55','Info',0),(274,'------------------------','--------','2025-03-06 23:41:11','Debug',0),(275,'IVP Core Starting','Ivp Core','2025-03-06 23:41:11','Info',0),(276,'Plugin registered','ivpcore.PluginMonitor','2025-03-06 23:41:12','Info',0),(277,'Plugin registered','ivpcore.MessageProfiler','2025-03-06 23:41:12','Info',0),(278,'Plugin registered','ivpcore.HistoryManager','2025-03-06 23:41:12','Info',0),(279,'------------------------','--------','2025-03-11 22:13:25','Debug',0),(280,'IVP Core Starting','Ivp Core','2025-03-11 22:13:25','Info',0),(281,'Plugin registered','ivpcore.PluginMonitor','2025-03-11 22:13:26','Info',0),(282,'Plugin registered','ivpcore.MessageProfiler','2025-03-11 22:13:26','Info',0),(283,'Plugin registered','ivpcore.HistoryManager','2025-03-11 22:13:26','Info',0),(284,'Plugin registered','CARMAStreetsPlugin','2025-03-11 22:13:42','Info',0),(285,'Plugin registered','CDASimAdapter','2025-03-11 22:13:43','Info',0),(286,'Plugin registered','CommandPlugin','2025-03-11 22:13:44','Info',0),(287,'Plugin registered','ImmediateForward','2025-03-11 22:13:45','Info',0),(288,'Plugin registered','MAP','2025-03-11 22:13:46','Info',0),(289,'Plugin \'CARMAStreetsPlugin\' (id: 2) startup time: 835 milliseconds','ivpcore.PluginMonitor','2025-03-11 22:13:47','Info',0),(290,'Plugin \'CDASimAdapter\' (id: 3) startup time: 1724 milliseconds','ivpcore.PluginMonitor','2025-03-11 22:13:47','Info',0),(291,'Plugin \'CommandPlugin\' (id: 4) startup time: 2605 milliseconds','ivpcore.PluginMonitor','2025-03-11 22:13:47','Info',0),(292,'Plugin registered','MessageReceiver','2025-03-11 22:13:47','Info',0),(293,'Plugin \'ImmediateForward\' (id: 8) startup time: 3481 milliseconds','ivpcore.PluginMonitor','2025-03-11 22:13:47','Info',0),(294,'Plugin \'MAP\' (id: 10) startup time: 4365 milliseconds','ivpcore.PluginMonitor','2025-03-11 22:13:47','Info',0),(295,'Plugin registered','SPAT','2025-03-11 22:13:48','Info',0),(296,'Plugin \'MessageReceiver\' (id: 12) startup time: 5258 milliseconds','ivpcore.PluginMonitor','2025-03-11 22:13:52','Info',0),(297,'Plugin \'SPAT\' (id: 18) startup time: 6120 milliseconds','ivpcore.PluginMonitor','2025-03-11 22:13:52','Info',0),(298,'Plugin deconstructing','MAP','2025-03-11 22:15:59','Warning',0),(299,'Plugin registered','MAP','2025-03-11 22:16:04','Info',0),(300,'Plugin \'MAP\' (id: 10) startup time: 295 milliseconds','ivpcore.PluginMonitor','2025-03-11 22:16:09','Info',0),(301,'Plugin deconstructing','SPAT','2025-03-11 22:16:29','Warning',0),(302,'Plugin registered','SPAT','2025-03-11 22:16:40','Info',0),(303,'Plugin \'SPAT\' (id: 18) startup time: 781 milliseconds','ivpcore.PluginMonitor','2025-03-11 22:16:44','Info',0),(304,'SPAT encountered unhandled exception: could not bind UDP socket with: \"172.4.0.2:6053\"\nbacktrace: (Hint: Use addr2line -C -e <exe> 0x#######) to find line number)\nSpatPlugin(+0x420f9) [0x56f7702780f9]\nSpatPlugin(+0x10ad20) [0x56f770340d20]\nSpatPlugin(+0x23bba) [0x56f770259bba]\nSpatPlugin(+0x36839) [0x56f77026c839]\nSpatPlugin(+0xda856) [0x56f770310856]\nSpatPlugin(+0xe7e35) [0x56f77031de35]\n/usr/local/lib/libtmxapi.so(ivp_onMessageReceived+0x129) [0x7b4d7b5c5409]\n/usr/local/lib/libtmxapi.so(+0x7624) [0x7b4d7b5c5624]\n/usr/local/lib/libtmxapi.so(ivp_receive+0x12) [0x7b4d7b5c5712]\n/lib/x86_64-linux-gnu/libc.so.6(+0x94ac3) [0x7b4d7ae04ac3]\n/lib/x86_64-linux-gnu/libc.so.6(clone+0x44) [0x7b4d7ae95a04]\ndiagnostic info:\nThrow location unknown (consider using BOOST_THROW_EXCEPTION)\nDynamic exception type: tmx::utils::UdpServerRuntimeError\nstd::exception::what: could not bind UDP socket with: \"172.4.0.2:6053\"\n\n','SPAT','2025-03-11 22:17:16','Warning',0),(305,'------------------------','--------','2025-03-11 22:18:20','Debug',0),(306,'IVP Core Starting','Ivp Core','2025-03-11 22:18:20','Info',0),(307,'Plugin registered','ivpcore.PluginMonitor','2025-03-11 22:18:22','Info',0),(308,'Plugin registered','ivpcore.MessageProfiler','2025-03-11 22:18:22','Info',0),(309,'Plugin registered','ivpcore.HistoryManager','2025-03-11 22:18:22','Info',0),(310,'Plugin registered','CARMAStreetsPlugin','2025-03-11 22:18:38','Info',0),(311,'Plugin registered','CDASimAdapter','2025-03-11 22:18:39','Info',0),(312,'Plugin registered','CommandPlugin','2025-03-11 22:18:40','Info',0),(313,'Plugin registered','ImmediateForward','2025-03-11 22:18:41','Info',0),(314,'Plugin registered','MAP','2025-03-11 22:18:42','Info',0),(315,'Plugin registered','MessageReceiver','2025-03-11 22:18:43','Info',0),(316,'Plugin \'CARMAStreetsPlugin\' (id: 2) startup time: 908 milliseconds','ivpcore.PluginMonitor','2025-03-11 22:18:43','Info',0),(317,'Plugin \'CDASimAdapter\' (id: 3) startup time: 1732 milliseconds','ivpcore.PluginMonitor','2025-03-11 22:18:43','Info',0),(318,'Plugin \'CommandPlugin\' (id: 4) startup time: 2589 milliseconds','ivpcore.PluginMonitor','2025-03-11 22:18:43','Info',0),(319,'Plugin \'ImmediateForward\' (id: 8) startup time: 3464 milliseconds','ivpcore.PluginMonitor','2025-03-11 22:18:43','Info',0),(320,'Plugin \'MAP\' (id: 10) startup time: 4339 milliseconds','ivpcore.PluginMonitor','2025-03-11 22:18:43','Info',0),(321,'Plugin registered','SPAT','2025-03-11 22:18:44','Info',0),(322,'Plugin \'MessageReceiver\' (id: 12) startup time: 5208 milliseconds','ivpcore.PluginMonitor','2025-03-11 22:18:48','Info',0),(323,'Plugin \'SPAT\' (id: 18) startup time: 6057 milliseconds','ivpcore.PluginMonitor','2025-03-11 22:18:48','Info',0),(324,'Plugin deconstructing','SPAT','2025-03-11 22:19:28','Warning',0),(325,'Plugin registered','SPAT','2025-03-11 22:20:00','Info',0),(326,'Plugin \'SPAT\' (id: 18) startup time: 1015 milliseconds','ivpcore.PluginMonitor','2025-03-11 22:20:04','Info',0),(327,'------------------------','--------','2025-03-11 22:21:44','Debug',0),(328,'IVP Core Starting','Ivp Core','2025-03-11 22:21:44','Info',0),(329,'Plugin registered','ivpcore.PluginMonitor','2025-03-11 22:21:45','Info',0),(330,'Plugin registered','ivpcore.MessageProfiler','2025-03-11 22:21:45','Info',0),(331,'Plugin registered','ivpcore.HistoryManager','2025-03-11 22:21:46','Info',0),(332,'Plugin registered','CARMAStreetsPlugin','2025-03-11 22:22:01','Info',0),(333,'Plugin registered','CDASimAdapter','2025-03-11 22:22:02','Info',0),(334,'Plugin registered','CommandPlugin','2025-03-11 22:22:03','Info',0),(335,'Plugin registered','ImmediateForward','2025-03-11 22:22:04','Info',0),(336,'Plugin registered','MAP','2025-03-11 22:22:05','Info',0),(337,'Plugin registered','MessageReceiver','2025-03-11 22:22:06','Info',0),(338,'Plugin \'CARMAStreetsPlugin\' (id: 2) startup time: 908 milliseconds','ivpcore.PluginMonitor','2025-03-11 22:22:06','Info',0),(339,'Plugin \'CDASimAdapter\' (id: 3) startup time: 1718 milliseconds','ivpcore.PluginMonitor','2025-03-11 22:22:06','Info',0),(340,'Plugin \'CommandPlugin\' (id: 4) startup time: 2614 milliseconds','ivpcore.PluginMonitor','2025-03-11 22:22:06','Info',0),(341,'Plugin \'ImmediateForward\' (id: 8) startup time: 3473 milliseconds','ivpcore.PluginMonitor','2025-03-11 22:22:06','Info',0),(342,'Plugin \'MAP\' (id: 10) startup time: 4320 milliseconds','ivpcore.PluginMonitor','2025-03-11 22:22:06','Info',0),(343,'Plugin registered','SPAT','2025-03-11 22:22:07','Info',0),(344,'Plugin \'MessageReceiver\' (id: 12) startup time: 5206 milliseconds','ivpcore.PluginMonitor','2025-03-11 22:22:12','Info',0),(345,'Plugin \'SPAT\' (id: 18) startup time: 6088 milliseconds','ivpcore.PluginMonitor','2025-03-11 22:22:12','Info',0),(346,'SPAT encountered unhandled exception: could not bind UDP socket with: \"172.4.0.2:6053\"\nbacktrace: (Hint: Use addr2line -C -e <exe> 0x#######) to find line number)\nSpatPlugin(+0x420f9) [0x6024405830f9]\nSpatPlugin(+0x10ad20) [0x60244064bd20]\nSpatPlugin(+0x23bba) [0x602440564bba]\nSpatPlugin(+0x36839) [0x602440577839]\nSpatPlugin(+0xda856) [0x60244061b856]\nSpatPlugin(+0xe7e35) [0x602440628e35]\n/usr/local/lib/libtmxapi.so(ivp_onMessageReceived+0x129) [0x78863797c409]\n/usr/local/lib/libtmxapi.so(+0x7624) [0x78863797c624]\n/usr/local/lib/libtmxapi.so(ivp_receive+0x12) [0x78863797c712]\n/lib/x86_64-linux-gnu/libc.so.6(+0x94ac3) [0x7886371bbac3]\n/lib/x86_64-linux-gnu/libc.so.6(clone+0x44) [0x78863724ca04]\ndiagnostic info:\nThrow location unknown (consider using BOOST_THROW_EXCEPTION)\nDynamic exception type: tmx::utils::UdpServerRuntimeError\nstd::exception::what: could not bind UDP socket with: \"172.4.0.2:6053\"\n\n','SPAT','2025-03-11 22:23:02','Warning',0),(347,'SPAT encountered unhandled exception: could not bind UDP socket with: \"172.4.0.2:6053\"\nbacktrace: (Hint: Use addr2line -C -e <exe> 0x#######) to find line number)\nSpatPlugin(+0x420f9) [0x6024405830f9]\nSpatPlugin(+0x10ad20) [0x60244064bd20]\nSpatPlugin(+0x23bba) [0x602440564bba]\nSpatPlugin(+0x36839) [0x602440577839]\nSpatPlugin(+0xda856) [0x60244061b856]\nSpatPlugin(+0xe7e35) [0x602440628e35]\n/usr/local/lib/libtmxapi.so(ivp_onMessageReceived+0x129) [0x78863797c409]\n/usr/local/lib/libtmxapi.so(+0x7624) [0x78863797c624]\n/usr/local/lib/libtmxapi.so(ivp_receive+0x12) [0x78863797c712]\n/lib/x86_64-linux-gnu/libc.so.6(+0x94ac3) [0x7886371bbac3]\n/lib/x86_64-linux-gnu/libc.so.6(clone+0x44) [0x78863724ca04]\ndiagnostic info:\nThrow location unknown (consider using BOOST_THROW_EXCEPTION)\nDynamic exception type: tmx::utils::UdpServerRuntimeError\nstd::exception::what: could not bind UDP socket with: \"172.4.0.2:6053\"\n\n','SPAT','2025-03-11 22:24:31','Warning',0),(348,'------------------------','--------','2025-03-11 22:25:37','Debug',0),(349,'IVP Core Starting','Ivp Core','2025-03-11 22:25:37','Info',0),(350,'Plugin registered','ivpcore.PluginMonitor','2025-03-11 22:25:38','Info',0),(351,'Plugin registered','ivpcore.MessageProfiler','2025-03-11 22:25:38','Info',0),(352,'Plugin registered','ivpcore.HistoryManager','2025-03-11 22:25:39','Info',0),(353,'Plugin registered','CARMAStreetsPlugin','2025-03-11 22:25:54','Info',0),(354,'Plugin registered','CDASimAdapter','2025-03-11 22:25:55','Info',0),(355,'Plugin registered','CommandPlugin','2025-03-11 22:25:56','Info',0),(356,'Plugin registered','ImmediateForward','2025-03-11 22:25:57','Info',0),(357,'Plugin registered','MAP','2025-03-11 22:25:58','Info',0),(358,'Plugin \'CARMAStreetsPlugin\' (id: 2) startup time: 929 milliseconds','ivpcore.PluginMonitor','2025-03-11 22:25:59','Info',0),(359,'Plugin \'CDASimAdapter\' (id: 3) startup time: 1742 milliseconds','ivpcore.PluginMonitor','2025-03-11 22:25:59','Info',0),(360,'Plugin \'CommandPlugin\' (id: 4) startup time: 2614 milliseconds','ivpcore.PluginMonitor','2025-03-11 22:25:59','Info',0),(361,'Plugin \'ImmediateForward\' (id: 8) startup time: 3486 milliseconds','ivpcore.PluginMonitor','2025-03-11 22:25:59','Info',0),(362,'Plugin registered','MessageReceiver','2025-03-11 22:25:59','Info',0),(363,'Plugin \'MAP\' (id: 10) startup time: 4380 milliseconds','ivpcore.PluginMonitor','2025-03-11 22:25:59','Info',0),(364,'Plugin registered','SPAT','2025-03-11 22:26:01','Info',0),(365,'Plugin \'MessageReceiver\' (id: 12) startup time: 5282 milliseconds','ivpcore.PluginMonitor','2025-03-11 22:26:05','Info',0),(366,'Plugin \'SPAT\' (id: 18) startup time: 6317 milliseconds','ivpcore.PluginMonitor','2025-03-11 22:26:05','Info',0),(367,'Plugin deconstructing','SPAT','2025-03-11 22:27:10','Warning',0),(368,'Plugin registered','SPAT','2025-03-11 22:27:16','Info',0),(369,'Plugin \'SPAT\' (id: 18) startup time: 1023 milliseconds','ivpcore.PluginMonitor','2025-03-11 22:27:21','Info',0),(370,'------------------------','--------','2025-03-11 22:28:46','Debug',0),(371,'IVP Core Starting','Ivp Core','2025-03-11 22:28:46','Info',0),(372,'Plugin registered','ivpcore.PluginMonitor','2025-03-11 22:28:47','Info',0),(373,'Plugin registered','ivpcore.MessageProfiler','2025-03-11 22:28:47','Info',0),(374,'Plugin registered','ivpcore.HistoryManager','2025-03-11 22:28:47','Info',0),(375,'Plugin registered','CARMAStreetsPlugin','2025-03-11 22:29:03','Info',0),(376,'Plugin registered','CDASimAdapter','2025-03-11 22:29:04','Info',0),(377,'Plugin registered','CommandPlugin','2025-03-11 22:29:05','Info',0),(378,'Plugin registered','ImmediateForward','2025-03-11 22:29:06','Info',0),(379,'Plugin registered','MAP','2025-03-11 22:29:07','Info',0),(380,'Plugin registered','MessageReceiver','2025-03-11 22:29:08','Info',0),(381,'Plugin \'CARMAStreetsPlugin\' (id: 2) startup time: 940 milliseconds','ivpcore.PluginMonitor','2025-03-11 22:29:08','Info',0),(382,'Plugin \'CDASimAdapter\' (id: 3) startup time: 1742 milliseconds','ivpcore.PluginMonitor','2025-03-11 22:29:08','Info',0),(383,'Plugin \'CommandPlugin\' (id: 4) startup time: 2641 milliseconds','ivpcore.PluginMonitor','2025-03-11 22:29:08','Info',0),(384,'Plugin \'ImmediateForward\' (id: 8) startup time: 3522 milliseconds','ivpcore.PluginMonitor','2025-03-11 22:29:08','Info',0),(385,'Plugin \'MAP\' (id: 10) startup time: 4343 milliseconds','ivpcore.PluginMonitor','2025-03-11 22:29:08','Info',0),(386,'Plugin \'MessageReceiver\' (id: 12) startup time: 5175 milliseconds','ivpcore.PluginMonitor','2025-03-11 22:29:08','Info',0),(387,'Plugin registered','SPAT','2025-03-11 22:29:09','Info',0),(388,'Plugin \'SPAT\' (id: 18) startup time: 6033 milliseconds','ivpcore.PluginMonitor','2025-03-11 22:29:13','Info',0),(389,'------------------------','--------','2025-03-11 22:45:38','Debug',0),(390,'IVP Core Starting','Ivp Core','2025-03-11 22:45:38','Info',0),(391,'Plugin registered','ivpcore.PluginMonitor','2025-03-11 22:45:39','Info',0),(392,'Plugin registered','ivpcore.MessageProfiler','2025-03-11 22:45:40','Info',0),(393,'Plugin registered','ivpcore.HistoryManager','2025-03-11 22:45:40','Info',0),(394,'Plugin registered','CARMAStreetsPlugin','2025-03-11 22:45:55','Info',0),(395,'Plugin registered','CDASimAdapter','2025-03-11 22:45:56','Info',0),(396,'Plugin registered','CommandPlugin','2025-03-11 22:45:57','Info',0),(397,'Plugin registered','ImmediateForward','2025-03-11 22:45:58','Info',0),(398,'Plugin registered','MAP','2025-03-11 22:45:59','Info',0),(399,'Plugin registered','MessageReceiver','2025-03-11 22:46:00','Info',0),(400,'Plugin \'CARMAStreetsPlugin\' (id: 2) startup time: 897 milliseconds','ivpcore.PluginMonitor','2025-03-11 22:46:00','Info',0),(401,'Plugin \'CDASimAdapter\' (id: 3) startup time: 1736 milliseconds','ivpcore.PluginMonitor','2025-03-11 22:46:01','Info',0),(402,'Plugin \'CommandPlugin\' (id: 4) startup time: 2615 milliseconds','ivpcore.PluginMonitor','2025-03-11 22:46:01','Info',0),(403,'Plugin \'ImmediateForward\' (id: 8) startup time: 3488 milliseconds','ivpcore.PluginMonitor','2025-03-11 22:46:01','Info',0),(404,'Plugin \'MAP\' (id: 10) startup time: 4391 milliseconds','ivpcore.PluginMonitor','2025-03-11 22:46:01','Info',0),(405,'Plugin registered','SPAT','2025-03-11 22:46:01','Info',0),(406,'Plugin \'MessageReceiver\' (id: 12) startup time: 5227 milliseconds','ivpcore.PluginMonitor','2025-03-11 22:46:06','Info',0),(407,'Plugin \'SPAT\' (id: 18) startup time: 6102 milliseconds','ivpcore.PluginMonitor','2025-03-11 22:46:06','Info',0),(408,'Plugin deconstructing','SPAT','2025-03-11 22:46:36','Warning',0),(409,'Plugin registered','SPAT','2025-03-11 22:46:46','Info',0),(410,'Plugin \'SPAT\' (id: 18) startup time: 179 milliseconds','ivpcore.PluginMonitor','2025-03-11 22:46:51','Info',0),(411,'------------------------','--------','2025-03-11 22:52:58','Debug',0),(412,'IVP Core Starting','Ivp Core','2025-03-11 22:52:58','Info',0),(413,'Plugin registered','ivpcore.PluginMonitor','2025-03-11 22:52:59','Info',0),(414,'Plugin registered','ivpcore.MessageProfiler','2025-03-11 22:52:59','Info',0),(415,'Plugin registered','ivpcore.HistoryManager','2025-03-11 22:52:59','Info',0),(416,'Plugin registered','CARMAStreetsPlugin','2025-03-11 22:53:15','Info',0),(417,'Plugin registered','CDASimAdapter','2025-03-11 22:53:16','Info',0),(418,'Plugin registered','CommandPlugin','2025-03-11 22:53:17','Info',0),(419,'Plugin registered','ImmediateForward','2025-03-11 22:53:18','Info',0),(420,'Plugin registered','MAP','2025-03-11 22:53:19','Info',0),(421,'Plugin registered','MessageReceiver','2025-03-11 22:53:20','Info',0),(422,'Plugin \'CARMAStreetsPlugin\' (id: 2) startup time: 894 milliseconds','ivpcore.PluginMonitor','2025-03-11 22:53:21','Info',0),(423,'Plugin \'CDASimAdapter\' (id: 3) startup time: 1691 milliseconds','ivpcore.PluginMonitor','2025-03-11 22:53:21','Info',0),(424,'Plugin \'CommandPlugin\' (id: 4) startup time: 2558 milliseconds','ivpcore.PluginMonitor','2025-03-11 22:53:21','Info',0),(425,'Plugin \'ImmediateForward\' (id: 8) startup time: 3364 milliseconds','ivpcore.PluginMonitor','2025-03-11 22:53:21','Info',0),(426,'Plugin \'MAP\' (id: 10) startup time: 4089 milliseconds','ivpcore.PluginMonitor','2025-03-11 22:53:21','Info',0),(427,'Plugin \'MessageReceiver\' (id: 12) startup time: 4673 milliseconds','ivpcore.PluginMonitor','2025-03-11 22:53:21','Info',0),(428,'Plugin registered','SPAT','2025-03-11 22:53:21','Info',0),(429,'Plugin \'SPAT\' (id: 18) startup time: 5403 milliseconds','ivpcore.PluginMonitor','2025-03-11 22:53:26','Info',0),(430,'Plugin deconstructing','SPAT','2025-03-11 22:53:46','Warning',0),(431,'Plugin registered','SPAT','2025-03-11 22:53:52','Info',0),(432,'Plugin \'SPAT\' (id: 18) startup time: 915 milliseconds','ivpcore.PluginMonitor','2025-03-11 22:53:56','Info',0),(433,'------------------------','--------','2025-03-11 22:54:36','Debug',0),(434,'IVP Core Starting','Ivp Core','2025-03-11 22:54:36','Info',0),(435,'Plugin registered','ivpcore.PluginMonitor','2025-03-11 22:54:37','Info',0),(436,'Plugin registered','ivpcore.MessageProfiler','2025-03-11 22:54:37','Info',0),(437,'Plugin registered','ivpcore.HistoryManager','2025-03-11 22:54:37','Info',0),(438,'Plugin registered','CARMAStreetsPlugin','2025-03-11 22:54:53','Info',0),(439,'Plugin registered','CDASimAdapter','2025-03-11 22:54:54','Info',0),(440,'Plugin registered','CommandPlugin','2025-03-11 22:54:55','Info',0),(441,'Plugin registered','ImmediateForward','2025-03-11 22:54:56','Info',0),(442,'Plugin registered','MAP','2025-03-11 22:54:57','Info',0),(443,'Plugin registered','MessageReceiver','2025-03-11 22:54:58','Info',0),(444,'Plugin \'CARMAStreetsPlugin\' (id: 2) startup time: 877 milliseconds','ivpcore.PluginMonitor','2025-03-11 22:54:59','Info',0),(445,'Plugin \'CDASimAdapter\' (id: 3) startup time: 1707 milliseconds','ivpcore.PluginMonitor','2025-03-11 22:54:59','Info',0),(446,'Plugin \'CommandPlugin\' (id: 4) startup time: 2623 milliseconds','ivpcore.PluginMonitor','2025-03-11 22:54:59','Info',0),(447,'Plugin \'ImmediateForward\' (id: 8) startup time: 3504 milliseconds','ivpcore.PluginMonitor','2025-03-11 22:54:59','Info',0),(448,'Plugin \'MAP\' (id: 10) startup time: 4330 milliseconds','ivpcore.PluginMonitor','2025-03-11 22:54:59','Info',0),(449,'Plugin \'MessageReceiver\' (id: 12) startup time: 5162 milliseconds','ivpcore.PluginMonitor','2025-03-11 22:54:59','Info',0),(450,'Plugin registered','SPAT','2025-03-11 22:54:59','Info',0),(451,'Plugin \'SPAT\' (id: 18) startup time: 5632 milliseconds','ivpcore.PluginMonitor','2025-03-11 22:55:04','Info',0),(452,'Plugin deconstructing','SPAT','2025-03-11 22:56:15','Warning',0),(453,'Plugin registered','SPAT','2025-03-11 22:56:20','Info',0),(454,'Plugin \'SPAT\' (id: 18) startup time: 379 milliseconds','ivpcore.PluginMonitor','2025-03-11 22:56:25','Info',0),(455,'SPAT encountered unhandled exception: could not bind UDP socket with: \"172.4.0.2:6053\"\nbacktrace: (Hint: Use addr2line -C -e <exe> 0x#######) to find line number)\nSpatPlugin(+0x420f9) [0x56c72875a0f9]\nSpatPlugin(+0x10ad20) [0x56c728822d20]\nSpatPlugin(+0x23bba) [0x56c72873bbba]\nSpatPlugin(+0x36839) [0x56c72874e839]\nSpatPlugin(+0xda856) [0x56c7287f2856]\nSpatPlugin(+0xe7e35) [0x56c7287ffe35]\n/usr/local/lib/libtmxapi.so(ivp_onMessageReceived+0x129) [0x77893ed19409]\n/usr/local/lib/libtmxapi.so(+0x7624) [0x77893ed19624]\n/usr/local/lib/libtmxapi.so(ivp_receive+0x12) [0x77893ed19712]\n/lib/x86_64-linux-gnu/libc.so.6(+0x94ac3) [0x77893e558ac3]\n/lib/x86_64-linux-gnu/libc.so.6(clone+0x44) [0x77893e5e9a04]\ndiagnostic info:\nThrow location unknown (consider using BOOST_THROW_EXCEPTION)\nDynamic exception type: tmx::utils::UdpServerRuntimeError\nstd::exception::what: could not bind UDP socket with: \"172.4.0.2:6053\"\n\n','SPAT','2025-03-11 22:56:30','Warning',0),(456,'Plugin deconstructing','SPAT','2025-03-11 22:56:35','Warning',0),(457,'Plugin registered','SPAT','2025-03-11 22:56:41','Info',0),(458,'Plugin \'SPAT\' (id: 18) startup time: 892 milliseconds','ivpcore.PluginMonitor','2025-03-11 22:56:45','Info',0),(459,'Plugin deconstructing','SPAT','2025-03-11 22:56:56','Warning',0),(460,'Plugin registered','SPAT','2025-03-11 22:57:01','Info',0),(461,'Plugin \'SPAT\' (id: 18) startup time: 422 milliseconds','ivpcore.PluginMonitor','2025-03-11 22:57:06','Info',0),(462,'Plugin deconstructing','SPAT','2025-03-11 22:57:52','Warning',0),(463,'Plugin registered','SPAT','2025-03-11 22:57:57','Info',0),(464,'Plugin \'SPAT\' (id: 18) startup time: 407 milliseconds','ivpcore.PluginMonitor','2025-03-11 22:58:02','Info',0),(465,'------------------------','--------','2025-03-11 23:03:47','Debug',0),(466,'IVP Core Starting','Ivp Core','2025-03-11 23:03:47','Info',0),(467,'Plugin registered','ivpcore.PluginMonitor','2025-03-11 23:03:48','Info',0),(468,'Plugin registered','ivpcore.MessageProfiler','2025-03-11 23:03:48','Info',0),(469,'Plugin registered','ivpcore.HistoryManager','2025-03-11 23:03:48','Info',0),(470,'Plugin registered','CARMAStreetsPlugin','2025-03-11 23:04:04','Info',0),(471,'Plugin registered','CDASimAdapter','2025-03-11 23:04:05','Info',0),(472,'Plugin registered','CommandPlugin','2025-03-11 23:04:06','Info',0),(473,'Plugin registered','ImmediateForward','2025-03-11 23:04:07','Info',0),(474,'Plugin registered','MAP','2025-03-11 23:04:08','Info',0),(475,'Plugin \'CARMAStreetsPlugin\' (id: 2) startup time: 859 milliseconds','ivpcore.PluginMonitor','2025-03-11 23:04:09','Info',0),(476,'Plugin registered','MessageReceiver','2025-03-11 23:04:09','Info',0),(477,'Plugin \'CDASimAdapter\' (id: 3) startup time: 1717 milliseconds','ivpcore.PluginMonitor','2025-03-11 23:04:09','Info',0),(478,'Plugin \'CommandPlugin\' (id: 4) startup time: 2604 milliseconds','ivpcore.PluginMonitor','2025-03-11 23:04:09','Info',0),(479,'Plugin \'ImmediateForward\' (id: 8) startup time: 3485 milliseconds','ivpcore.PluginMonitor','2025-03-11 23:04:09','Info',0),(480,'Plugin \'MAP\' (id: 10) startup time: 4371 milliseconds','ivpcore.PluginMonitor','2025-03-11 23:04:09','Info',0),(481,'Plugin registered','SPAT','2025-03-11 23:04:10','Info',0),(482,'Plugin \'MessageReceiver\' (id: 12) startup time: 5241 milliseconds','ivpcore.PluginMonitor','2025-03-11 23:04:14','Info',0),(483,'Plugin \'SPAT\' (id: 18) startup time: 6124 milliseconds','ivpcore.PluginMonitor','2025-03-11 23:04:14','Info',0),(484,'------------------------','--------','2025-03-11 23:04:55','Debug',0),(485,'IVP Core Starting','Ivp Core','2025-03-11 23:04:55','Info',0),(486,'Plugin registered','ivpcore.PluginMonitor','2025-03-11 23:04:56','Info',0),(487,'Plugin registered','ivpcore.MessageProfiler','2025-03-11 23:04:56','Info',0),(488,'Plugin registered','ivpcore.HistoryManager','2025-03-11 23:04:56','Info',0),(489,'Plugin registered','CARMAStreetsPlugin','2025-03-11 23:05:12','Info',0),(490,'Plugin registered','CDASimAdapter','2025-03-11 23:05:13','Info',0),(491,'Plugin registered','CommandPlugin','2025-03-11 23:05:14','Info',0),(492,'Plugin registered','ImmediateForward','2025-03-11 23:05:15','Info',0),(493,'Plugin registered','MAP','2025-03-11 23:05:16','Info',0),(494,'Plugin \'CARMAStreetsPlugin\' (id: 2) startup time: 840 milliseconds','ivpcore.PluginMonitor','2025-03-11 23:05:17','Info',0),(495,'Plugin \'CDASimAdapter\' (id: 3) startup time: 1696 milliseconds','ivpcore.PluginMonitor','2025-03-11 23:05:17','Info',0),(496,'Plugin \'CommandPlugin\' (id: 4) startup time: 2614 milliseconds','ivpcore.PluginMonitor','2025-03-11 23:05:17','Info',0),(497,'Plugin \'ImmediateForward\' (id: 8) startup time: 3481 milliseconds','ivpcore.PluginMonitor','2025-03-11 23:05:17','Info',0),(498,'Plugin registered','MessageReceiver','2025-03-11 23:05:17','Info',0),(499,'Plugin \'MAP\' (id: 10) startup time: 4377 milliseconds','ivpcore.PluginMonitor','2025-03-11 23:05:17','Info',0),(500,'Plugin registered','SPAT','2025-03-11 23:05:18','Info',0),(501,'Plugin \'MessageReceiver\' (id: 12) startup time: 5302 milliseconds','ivpcore.PluginMonitor','2025-03-11 23:05:22','Info',0),(502,'Plugin \'SPAT\' (id: 18) startup time: 6162 milliseconds','ivpcore.PluginMonitor','2025-03-11 23:05:22','Info',0),(503,'------------------------','--------','2025-03-11 23:06:15','Debug',0),(504,'IVP Core Starting','Ivp Core','2025-03-11 23:06:15','Info',0),(505,'Plugin registered','ivpcore.PluginMonitor','2025-03-11 23:06:16','Info',0),(506,'Plugin registered','ivpcore.MessageProfiler','2025-03-11 23:06:16','Info',0),(507,'Plugin registered','ivpcore.HistoryManager','2025-03-11 23:06:16','Info',0),(508,'Plugin registered','CARMAStreetsPlugin','2025-03-11 23:06:32','Info',0),(509,'Plugin registered','CDASimAdapter','2025-03-11 23:06:33','Info',0),(510,'Plugin registered','CommandPlugin','2025-03-11 23:06:34','Info',0),(511,'Plugin registered','ImmediateForward','2025-03-11 23:06:35','Info',0),(512,'Plugin registered','MAP','2025-03-11 23:06:36','Info',0),(513,'Plugin registered','MessageReceiver','2025-03-11 23:06:37','Info',0),(514,'Plugin \'CARMAStreetsPlugin\' (id: 2) startup time: 906 milliseconds','ivpcore.PluginMonitor','2025-03-11 23:06:37','Info',0),(515,'Plugin \'CDASimAdapter\' (id: 3) startup time: 1734 milliseconds','ivpcore.PluginMonitor','2025-03-11 23:06:37','Info',0),(516,'Plugin \'CommandPlugin\' (id: 4) startup time: 2620 milliseconds','ivpcore.PluginMonitor','2025-03-11 23:06:37','Info',0),(517,'Plugin \'ImmediateForward\' (id: 8) startup time: 3469 milliseconds','ivpcore.PluginMonitor','2025-03-11 23:06:37','Info',0),(518,'Plugin \'MAP\' (id: 10) startup time: 4327 milliseconds','ivpcore.PluginMonitor','2025-03-11 23:06:37','Info',0),(519,'Plugin \'MessageReceiver\' (id: 12) startup time: 5193 milliseconds','ivpcore.PluginMonitor','2025-03-11 23:06:37','Info',0),(520,'Plugin registered','SPAT','2025-03-11 23:06:38','Info',0),(521,'Plugin \'SPAT\' (id: 18) startup time: 6048 milliseconds','ivpcore.PluginMonitor','2025-03-11 23:06:42','Info',0),(522,'Plugin deconstructing','SPAT','2025-03-11 23:07:28','Warning',0),(523,'Plugin registered','SPAT','2025-03-11 23:07:33','Info',0),(524,'Plugin \'SPAT\' (id: 18) startup time: 114 milliseconds','ivpcore.PluginMonitor','2025-03-11 23:07:38','Info',0),(525,'SPAT encountered unhandled exception: could not bind UDP socket with: \"172.4.0.2:6054\"\nbacktrace: (Hint: Use addr2line -C -e <exe> 0x#######) to find line number)\nSpatPlugin(+0x420e9) [0x5dcb9b52c0e9]\nSpatPlugin(+0x10acd0) [0x5dcb9b5f4cd0]\nSpatPlugin(+0x23bb8) [0x5dcb9b50dbb8]\nSpatPlugin(+0x36829) [0x5dcb9b520829]\nSpatPlugin(+0xda846) [0x5dcb9b5c4846]\nSpatPlugin(+0xe7de5) [0x5dcb9b5d1de5]\n/usr/local/lib/libtmxapi.so(ivp_onMessageReceived+0x129) [0x70ac86b88409]\n/usr/local/lib/libtmxapi.so(+0x7624) [0x70ac86b88624]\n/usr/local/lib/libtmxapi.so(ivp_receive+0x12) [0x70ac86b88712]\n/lib/x86_64-linux-gnu/libc.so.6(+0x94ac3) [0x70ac863c7ac3]\n/lib/x86_64-linux-gnu/libc.so.6(clone+0x44) [0x70ac86458a04]\ndiagnostic info:\nThrow location unknown (consider using BOOST_THROW_EXCEPTION)\nDynamic exception type: tmx::utils::UdpServerRuntimeError\nstd::exception::what: could not bind UDP socket with: \"172.4.0.2:6054\"\n\n','SPAT','2025-03-11 23:17:10','Warning',0),(526,'Plugin deconstructing','SPAT','2025-03-11 23:17:14','Warning',0),(527,'Plugin registered','SPAT','2025-03-11 23:17:20','Info',0),(528,'Plugin \'SPAT\' (id: 18) startup time: 919 milliseconds','ivpcore.PluginMonitor','2025-03-11 23:17:25','Info',0),(529,'------------------------','--------','2025-03-11 23:18:30','Debug',0),(530,'IVP Core Starting','Ivp Core','2025-03-11 23:18:30','Info',0),(531,'Plugin registered','ivpcore.PluginMonitor','2025-03-11 23:18:32','Info',0),(532,'Plugin registered','ivpcore.MessageProfiler','2025-03-11 23:18:32','Info',0),(533,'Plugin registered','ivpcore.HistoryManager','2025-03-11 23:18:32','Info',0),(534,'Plugin registered','CARMAStreetsPlugin','2025-03-11 23:18:48','Info',0),(535,'Plugin registered','CDASimAdapter','2025-03-11 23:18:49','Info',0),(536,'Plugin registered','CommandPlugin','2025-03-11 23:18:50','Info',0),(537,'Plugin registered','ImmediateForward','2025-03-11 23:18:51','Info',0),(538,'Plugin registered','MAP','2025-03-11 23:18:52','Info',0),(539,'Plugin registered','MessageReceiver','2025-03-11 23:18:53','Info',0),(540,'Plugin \'CARMAStreetsPlugin\' (id: 2) startup time: 845 milliseconds','ivpcore.PluginMonitor','2025-03-11 23:18:53','Info',0),(541,'Plugin \'CDASimAdapter\' (id: 3) startup time: 1693 milliseconds','ivpcore.PluginMonitor','2025-03-11 23:18:53','Info',0),(542,'Plugin \'CommandPlugin\' (id: 4) startup time: 2531 milliseconds','ivpcore.PluginMonitor','2025-03-11 23:18:53','Info',0),(543,'Plugin \'ImmediateForward\' (id: 8) startup time: 3397 milliseconds','ivpcore.PluginMonitor','2025-03-11 23:18:53','Info',0),(544,'Plugin \'MAP\' (id: 10) startup time: 4268 milliseconds','ivpcore.PluginMonitor','2025-03-11 23:18:53','Info',0),(545,'Plugin \'MessageReceiver\' (id: 12) startup time: 5165 milliseconds','ivpcore.PluginMonitor','2025-03-11 23:18:53','Info',0),(546,'Plugin registered','SPAT','2025-03-11 23:18:54','Info',0),(547,'Plugin \'SPAT\' (id: 18) startup time: 6058 milliseconds','ivpcore.PluginMonitor','2025-03-11 23:18:58','Info',0),(548,'Plugin deconstructing','SPAT','2025-03-11 23:19:28','Warning',0),(549,'Plugin registered','SPAT','2025-03-11 23:19:34','Info',0),(550,'Plugin \'SPAT\' (id: 18) startup time: 325 milliseconds','ivpcore.PluginMonitor','2025-03-11 23:19:38','Info',0),(551,'------------------------','--------','2025-03-11 23:24:17','Debug',0),(552,'IVP Core Starting','Ivp Core','2025-03-11 23:24:17','Info',0),(553,'Plugin registered','ivpcore.PluginMonitor','2025-03-11 23:24:18','Info',0),(554,'Plugin registered','ivpcore.MessageProfiler','2025-03-11 23:24:18','Info',0),(555,'Plugin registered','ivpcore.HistoryManager','2025-03-11 23:24:18','Info',0),(556,'Plugin registered','CARMAStreetsPlugin','2025-03-11 23:24:34','Info',0),(557,'Plugin registered','CDASimAdapter','2025-03-11 23:24:35','Info',0),(558,'Plugin registered','CommandPlugin','2025-03-11 23:24:36','Info',0),(559,'Plugin registered','ImmediateForward','2025-03-11 23:24:37','Info',0),(560,'Plugin registered','MAP','2025-03-11 23:24:38','Info',0),(561,'Plugin registered','MessageReceiver','2025-03-11 23:24:39','Info',0),(562,'Plugin \'CARMAStreetsPlugin\' (id: 2) startup time: 917 milliseconds','ivpcore.PluginMonitor','2025-03-11 23:24:39','Info',0),(563,'Plugin \'CDASimAdapter\' (id: 3) startup time: 1720 milliseconds','ivpcore.PluginMonitor','2025-03-11 23:24:39','Info',0),(564,'Plugin \'CommandPlugin\' (id: 4) startup time: 2595 milliseconds','ivpcore.PluginMonitor','2025-03-11 23:24:39','Info',0),(565,'Plugin \'ImmediateForward\' (id: 8) startup time: 3452 milliseconds','ivpcore.PluginMonitor','2025-03-11 23:24:39','Info',0),(566,'Plugin \'MAP\' (id: 10) startup time: 4330 milliseconds','ivpcore.PluginMonitor','2025-03-11 23:24:39','Info',0),(567,'Plugin registered','SPAT','2025-03-11 23:24:40','Info',0),(568,'Plugin \'MessageReceiver\' (id: 12) startup time: 5226 milliseconds','ivpcore.PluginMonitor','2025-03-11 23:24:44','Info',0),(569,'Plugin \'SPAT\' (id: 18) startup time: 6074 milliseconds','ivpcore.PluginMonitor','2025-03-11 23:24:44','Info',0),(570,'------------------------','--------','2025-03-11 23:25:43','Debug',0),(571,'IVP Core Starting','Ivp Core','2025-03-11 23:25:43','Info',0),(572,'Plugin registered','ivpcore.PluginMonitor','2025-03-11 23:25:44','Info',0),(573,'Plugin registered','ivpcore.MessageProfiler','2025-03-11 23:25:45','Info',0),(574,'Plugin registered','ivpcore.HistoryManager','2025-03-11 23:25:45','Info',0),(575,'Plugin registered','CARMAStreetsPlugin','2025-03-11 23:26:00','Info',0),(576,'Plugin registered','CDASimAdapter','2025-03-11 23:26:01','Info',0),(577,'Plugin registered','CommandPlugin','2025-03-11 23:26:02','Info',0),(578,'Plugin registered','ImmediateForward','2025-03-11 23:26:03','Info',0),(579,'Plugin registered','MAP','2025-03-11 23:26:04','Info',0),(580,'Plugin registered','MessageReceiver','2025-03-11 23:26:05','Info',0),(581,'Plugin \'CARMAStreetsPlugin\' (id: 2) startup time: 879 milliseconds','ivpcore.PluginMonitor','2025-03-11 23:26:06','Info',0),(582,'Plugin \'CDASimAdapter\' (id: 3) startup time: 1716 milliseconds','ivpcore.PluginMonitor','2025-03-11 23:26:06','Info',0),(583,'Plugin \'CommandPlugin\' (id: 4) startup time: 2590 milliseconds','ivpcore.PluginMonitor','2025-03-11 23:26:06','Info',0),(584,'Plugin \'ImmediateForward\' (id: 8) startup time: 3455 milliseconds','ivpcore.PluginMonitor','2025-03-11 23:26:06','Info',0),(585,'Plugin \'MAP\' (id: 10) startup time: 4310 milliseconds','ivpcore.PluginMonitor','2025-03-11 23:26:06','Info',0),(586,'Plugin \'MessageReceiver\' (id: 12) startup time: 5180 milliseconds','ivpcore.PluginMonitor','2025-03-11 23:26:06','Info',0),(587,'Plugin registered','SPAT','2025-03-11 23:26:06','Info',0),(588,'Plugin \'SPAT\' (id: 18) startup time: 6044 milliseconds','ivpcore.PluginMonitor','2025-03-11 23:26:11','Info',0),(589,'Plugin deconstructing','SPAT','2025-03-11 23:26:31','Warning',0),(590,'Plugin registered','SPAT','2025-03-11 23:26:51','Info',0),(591,'Plugin \'SPAT\' (id: 18) startup time: 176 milliseconds','ivpcore.PluginMonitor','2025-03-11 23:26:56','Info',0),(592,'------------------------','--------','2025-03-11 23:36:04','Debug',0),(593,'IVP Core Starting','Ivp Core','2025-03-11 23:36:04','Info',0),(594,'Plugin registered','ivpcore.PluginMonitor','2025-03-11 23:36:05','Info',0),(595,'Plugin registered','ivpcore.MessageProfiler','2025-03-11 23:36:05','Info',0),(596,'Plugin registered','ivpcore.HistoryManager','2025-03-11 23:36:05','Info',0),(597,'Plugin registered','CARMAStreetsPlugin','2025-03-11 23:36:21','Info',0),(598,'Plugin registered','CDASimAdapter','2025-03-11 23:36:22','Info',0),(599,'Plugin registered','CommandPlugin','2025-03-11 23:36:23','Info',0),(600,'Plugin registered','ImmediateForward','2025-03-11 23:36:24','Info',0),(601,'Plugin registered','MAP','2025-03-11 23:36:25','Info',0),(602,'Plugin registered','MessageReceiver','2025-03-11 23:36:26','Info',0),(603,'Plugin \'CARMAStreetsPlugin\' (id: 2) startup time: 921 milliseconds','ivpcore.PluginMonitor','2025-03-11 23:36:26','Info',0),(604,'Plugin \'CDASimAdapter\' (id: 3) startup time: 1708 milliseconds','ivpcore.PluginMonitor','2025-03-11 23:36:26','Info',0),(605,'Plugin \'CommandPlugin\' (id: 4) startup time: 2554 milliseconds','ivpcore.PluginMonitor','2025-03-11 23:36:26','Info',0),(606,'Plugin \'ImmediateForward\' (id: 8) startup time: 3414 milliseconds','ivpcore.PluginMonitor','2025-03-11 23:36:26','Info',0),(607,'Plugin \'MAP\' (id: 10) startup time: 4249 milliseconds','ivpcore.PluginMonitor','2025-03-11 23:36:26','Info',0),(608,'Plugin \'MessageReceiver\' (id: 12) startup time: 5133 milliseconds','ivpcore.PluginMonitor','2025-03-11 23:36:26','Info',0),(609,'Plugin registered','SPAT','2025-03-11 23:36:27','Info',0),(610,'Plugin \'SPAT\' (id: 18) startup time: 6010 milliseconds','ivpcore.PluginMonitor','2025-03-11 23:36:31','Info',0),(611,'Plugin deconstructing','CDASimAdapter','2025-03-11 23:40:39','Warning',0),(612,'Plugin registered','CDASimAdapter','2025-03-11 23:40:45','Info',0),(613,'Plugin \'CDASimAdapter\' (id: 3) startup time: 1068 milliseconds','ivpcore.PluginMonitor','2025-03-11 23:40:49','Info',0),(614,'------------------------','--------','2025-03-11 23:41:13','Debug',0),(615,'IVP Core Starting','Ivp Core','2025-03-11 23:41:13','Info',0),(616,'Plugin registered','ivpcore.PluginMonitor','2025-03-11 23:41:14','Info',0),(617,'Plugin registered','ivpcore.MessageProfiler','2025-03-11 23:41:14','Info',0),(618,'Plugin registered','ivpcore.HistoryManager','2025-03-11 23:41:14','Info',0),(619,'Plugin registered','CARMAStreetsPlugin','2025-03-11 23:41:30','Info',0),(620,'Plugin registered','CDASimAdapter','2025-03-11 23:41:31','Info',0),(621,'Plugin registered','CommandPlugin','2025-03-11 23:41:32','Info',0),(622,'Plugin registered','ImmediateForward','2025-03-11 23:41:33','Info',0),(623,'Plugin registered','MAP','2025-03-11 23:41:34','Info',0),(624,'Plugin registered','MessageReceiver','2025-03-11 23:41:35','Info',0),(625,'Plugin \'CARMAStreetsPlugin\' (id: 2) startup time: 916 milliseconds','ivpcore.PluginMonitor','2025-03-11 23:41:35','Info',0),(626,'Plugin \'CDASimAdapter\' (id: 3) startup time: 1734 milliseconds','ivpcore.PluginMonitor','2025-03-11 23:41:35','Info',0),(627,'Plugin \'CommandPlugin\' (id: 4) startup time: 2643 milliseconds','ivpcore.PluginMonitor','2025-03-11 23:41:35','Info',0),(628,'Plugin \'ImmediateForward\' (id: 8) startup time: 3513 milliseconds','ivpcore.PluginMonitor','2025-03-11 23:41:35','Info',0),(629,'Plugin \'MAP\' (id: 10) startup time: 4308 milliseconds','ivpcore.PluginMonitor','2025-03-11 23:41:35','Info',0),(630,'Plugin \'MessageReceiver\' (id: 12) startup time: 5150 milliseconds','ivpcore.PluginMonitor','2025-03-11 23:41:35','Info',0),(631,'Plugin registered','SPAT','2025-03-11 23:41:36','Info',0),(632,'Plugin \'SPAT\' (id: 18) startup time: 6124 milliseconds','ivpcore.PluginMonitor','2025-03-11 23:41:40','Info',0),(633,'------------------------','--------','2025-03-12 13:20:21','Debug',0),(634,'IVP Core Starting','Ivp Core','2025-03-12 13:20:21','Info',0),(635,'Plugin registered','ivpcore.PluginMonitor','2025-03-12 13:20:22','Info',0),(636,'Plugin registered','ivpcore.MessageProfiler','2025-03-12 13:20:22','Info',0),(637,'Plugin registered','ivpcore.HistoryManager','2025-03-12 13:20:22','Info',0),(638,'Plugin registered','CARMAStreetsPlugin','2025-03-12 13:20:38','Info',0),(639,'Plugin registered','CDASimAdapter','2025-03-12 13:20:39','Info',0),(640,'Plugin registered','CommandPlugin','2025-03-12 13:20:40','Info',0),(641,'Plugin registered','ImmediateForward','2025-03-12 13:20:41','Info',0),(642,'Plugin registered','MAP','2025-03-12 13:20:42','Info',0),(643,'Plugin registered','MessageReceiver','2025-03-12 13:20:43','Info',0),(644,'Plugin \'CARMAStreetsPlugin\' (id: 2) startup time: 904 milliseconds','ivpcore.PluginMonitor','2025-03-12 13:20:43','Info',0),(645,'Plugin \'CDASimAdapter\' (id: 3) startup time: 1734 milliseconds','ivpcore.PluginMonitor','2025-03-12 13:20:43','Info',0),(646,'Plugin \'CommandPlugin\' (id: 4) startup time: 2621 milliseconds','ivpcore.PluginMonitor','2025-03-12 13:20:43','Info',0),(647,'Plugin \'ImmediateForward\' (id: 8) startup time: 3497 milliseconds','ivpcore.PluginMonitor','2025-03-12 13:20:43','Info',0),(648,'Plugin \'MAP\' (id: 10) startup time: 4353 milliseconds','ivpcore.PluginMonitor','2025-03-12 13:20:43','Info',0),(649,'Plugin registered','SPAT','2025-03-12 13:20:44','Info',0),(650,'Plugin \'MessageReceiver\' (id: 12) startup time: 5256 milliseconds','ivpcore.PluginMonitor','2025-03-12 13:20:48','Info',0),(651,'Plugin \'SPAT\' (id: 18) startup time: 6058 milliseconds','ivpcore.PluginMonitor','2025-03-12 13:20:48','Info',0),(652,'------------------------','--------','2025-03-12 13:45:23','Debug',0),(653,'IVP Core Starting','Ivp Core','2025-03-12 13:45:23','Info',0),(654,'Plugin registered','ivpcore.PluginMonitor','2025-03-12 13:45:24','Info',0),(655,'Plugin registered','ivpcore.MessageProfiler','2025-03-12 13:45:24','Info',0),(656,'Plugin registered','ivpcore.HistoryManager','2025-03-12 13:45:24','Info',0),(657,'Plugin registered','CARMAStreetsPlugin','2025-03-12 13:45:40','Info',0),(658,'Plugin registered','CDASimAdapter','2025-03-12 13:45:41','Info',0),(659,'Plugin registered','CommandPlugin','2025-03-12 13:45:42','Info',0),(660,'Plugin registered','ImmediateForward','2025-03-12 13:45:43','Info',0),(661,'Plugin registered','MAP','2025-03-12 13:45:44','Info',0),(662,'Plugin registered','MessageReceiver','2025-03-12 13:45:45','Info',0),(663,'Plugin \'CARMAStreetsPlugin\' (id: 2) startup time: 860 milliseconds','ivpcore.PluginMonitor','2025-03-12 13:45:45','Info',0),(664,'Plugin \'CDASimAdapter\' (id: 3) startup time: 1693 milliseconds','ivpcore.PluginMonitor','2025-03-12 13:45:45','Info',0),(665,'Plugin \'CommandPlugin\' (id: 4) startup time: 2567 milliseconds','ivpcore.PluginMonitor','2025-03-12 13:45:45','Info',0),(666,'Plugin \'ImmediateForward\' (id: 8) startup time: 3416 milliseconds','ivpcore.PluginMonitor','2025-03-12 13:45:45','Info',0),(667,'Plugin \'MAP\' (id: 10) startup time: 4280 milliseconds','ivpcore.PluginMonitor','2025-03-12 13:45:45','Info',0),(668,'Plugin \'MessageReceiver\' (id: 12) startup time: 5122 milliseconds','ivpcore.PluginMonitor','2025-03-12 13:45:45','Info',0),(669,'Plugin registered','SPAT','2025-03-12 13:45:46','Info',0),(670,'Plugin \'SPAT\' (id: 18) startup time: 5961 milliseconds','ivpcore.PluginMonitor','2025-03-12 13:45:51','Info',0),(671,'------------------------','--------','2025-03-12 13:48:45','Debug',0),(672,'IVP Core Starting','Ivp Core','2025-03-12 13:48:45','Info',0),(673,'Plugin registered','ivpcore.PluginMonitor','2025-03-12 13:48:46','Info',0),(674,'Plugin registered','ivpcore.MessageProfiler','2025-03-12 13:48:47','Info',0),(675,'Plugin registered','ivpcore.HistoryManager','2025-03-12 13:48:47','Info',0),(676,'Plugin registered','CARMAStreetsPlugin','2025-03-12 13:49:03','Info',0),(677,'Plugin registered','CDASimAdapter','2025-03-12 13:49:03','Info',0),(678,'Plugin registered','CommandPlugin','2025-03-12 13:49:04','Info',0),(679,'Plugin registered','ImmediateForward','2025-03-12 13:49:05','Info',0),(680,'Plugin registered','MAP','2025-03-12 13:49:06','Info',0),(681,'Plugin registered','MessageReceiver','2025-03-12 13:49:07','Info',0),(682,'Plugin \'CARMAStreetsPlugin\' (id: 2) startup time: 894 milliseconds','ivpcore.PluginMonitor','2025-03-12 13:49:07','Info',0),(683,'Plugin \'CDASimAdapter\' (id: 3) startup time: 1747 milliseconds','ivpcore.PluginMonitor','2025-03-12 13:49:08','Info',0),(684,'Plugin \'CommandPlugin\' (id: 4) startup time: 2620 milliseconds','ivpcore.PluginMonitor','2025-03-12 13:49:08','Info',0),(685,'Plugin \'ImmediateForward\' (id: 8) startup time: 3504 milliseconds','ivpcore.PluginMonitor','2025-03-12 13:49:08','Info',0),(686,'Plugin \'MAP\' (id: 10) startup time: 4380 milliseconds','ivpcore.PluginMonitor','2025-03-12 13:49:08','Info',0),(687,'Plugin registered','SPAT','2025-03-12 13:49:09','Info',0),(688,'Plugin \'MessageReceiver\' (id: 12) startup time: 5240 milliseconds','ivpcore.PluginMonitor','2025-03-12 13:49:13','Info',0),(689,'Plugin \'SPAT\' (id: 18) startup time: 6107 milliseconds','ivpcore.PluginMonitor','2025-03-12 13:49:13','Info',0),(690,'------------------------','--------','2025-03-12 13:52:15','Debug',0),(691,'IVP Core Starting','Ivp Core','2025-03-12 13:52:15','Info',0),(692,'Plugin registered','ivpcore.PluginMonitor','2025-03-12 13:52:16','Info',0),(693,'Plugin registered','ivpcore.MessageProfiler','2025-03-12 13:52:16','Info',0),(694,'Plugin registered','ivpcore.HistoryManager','2025-03-12 13:52:17','Info',0),(695,'Plugin registered','CARMAStreetsPlugin','2025-03-12 13:52:32','Info',0),(696,'Plugin registered','CDASimAdapter','2025-03-12 13:52:33','Info',0),(697,'Plugin registered','CommandPlugin','2025-03-12 13:52:34','Info',0),(698,'Plugin registered','ImmediateForward','2025-03-12 13:52:35','Info',0),(699,'Plugin registered','MAP','2025-03-12 13:52:36','Info',0),(700,'Plugin registered','MessageReceiver','2025-03-12 13:52:37','Info',0),(701,'Plugin \'CARMAStreetsPlugin\' (id: 2) startup time: 874 milliseconds','ivpcore.PluginMonitor','2025-03-12 13:52:38','Info',0),(702,'Plugin \'CDASimAdapter\' (id: 3) startup time: 1721 milliseconds','ivpcore.PluginMonitor','2025-03-12 13:52:38','Info',0),(703,'Plugin \'CommandPlugin\' (id: 4) startup time: 2619 milliseconds','ivpcore.PluginMonitor','2025-03-12 13:52:38','Info',0),(704,'Plugin \'ImmediateForward\' (id: 8) startup time: 3446 milliseconds','ivpcore.PluginMonitor','2025-03-12 13:52:38','Info',0),(705,'Plugin \'MAP\' (id: 10) startup time: 4340 milliseconds','ivpcore.PluginMonitor','2025-03-12 13:52:38','Info',0),(706,'Plugin \'MessageReceiver\' (id: 12) startup time: 5128 milliseconds','ivpcore.PluginMonitor','2025-03-12 13:52:38','Info',0),(707,'Plugin registered','SPAT','2025-03-12 13:52:38','Info',0),(708,'Plugin \'SPAT\' (id: 18) startup time: 5992 milliseconds','ivpcore.PluginMonitor','2025-03-12 13:52:43','Info',0),(709,'------------------------','--------','2025-03-12 13:59:13','Debug',0),(710,'IVP Core Starting','Ivp Core','2025-03-12 13:59:13','Info',0),(711,'Plugin registered','ivpcore.PluginMonitor','2025-03-12 13:59:14','Info',0),(712,'Plugin registered','ivpcore.MessageProfiler','2025-03-12 13:59:14','Info',0),(713,'Plugin registered','ivpcore.HistoryManager','2025-03-12 13:59:14','Info',0),(714,'Plugin registered','CARMAStreetsPlugin','2025-03-12 13:59:30','Info',0),(715,'Plugin registered','CDASimAdapter','2025-03-12 13:59:31','Info',0),(716,'Plugin registered','CommandPlugin','2025-03-12 13:59:32','Info',0),(717,'Plugin registered','ImmediateForward','2025-03-12 13:59:33','Info',0),(718,'Plugin registered','MAP','2025-03-12 13:59:34','Info',0),(719,'Plugin \'CARMAStreetsPlugin\' (id: 2) startup time: 864 milliseconds','ivpcore.PluginMonitor','2025-03-12 13:59:35','Info',0),(720,'Plugin \'CDASimAdapter\' (id: 3) startup time: 1711 milliseconds','ivpcore.PluginMonitor','2025-03-12 13:59:35','Info',0),(721,'Plugin \'CommandPlugin\' (id: 4) startup time: 2621 milliseconds','ivpcore.PluginMonitor','2025-03-12 13:59:35','Info',0),(722,'Plugin registered','MessageReceiver','2025-03-12 13:59:35','Info',0),(723,'Plugin \'ImmediateForward\' (id: 8) startup time: 3454 milliseconds','ivpcore.PluginMonitor','2025-03-12 13:59:35','Info',0),(724,'Plugin \'MAP\' (id: 10) startup time: 4355 milliseconds','ivpcore.PluginMonitor','2025-03-12 13:59:35','Info',0),(725,'Plugin registered','SPAT','2025-03-12 13:59:36','Info',0),(726,'Plugin \'MessageReceiver\' (id: 12) startup time: 5252 milliseconds','ivpcore.PluginMonitor','2025-03-12 13:59:40','Info',0),(727,'Plugin \'SPAT\' (id: 18) startup time: 6133 milliseconds','ivpcore.PluginMonitor','2025-03-12 13:59:40','Info',0),(728,'------------------------','--------','2025-03-12 14:02:10','Debug',0),(729,'IVP Core Starting','Ivp Core','2025-03-12 14:02:10','Info',0),(730,'Plugin registered','ivpcore.PluginMonitor','2025-03-12 14:02:11','Info',0),(731,'Plugin registered','ivpcore.MessageProfiler','2025-03-12 14:02:11','Info',0),(732,'Plugin registered','ivpcore.HistoryManager','2025-03-12 14:02:11','Info',0),(733,'Plugin registered','CARMAStreetsPlugin','2025-03-12 14:02:27','Info',0),(734,'Plugin registered','CDASimAdapter','2025-03-12 14:02:28','Info',0),(735,'Plugin registered','CommandPlugin','2025-03-12 14:02:29','Info',0),(736,'Plugin registered','ImmediateForward','2025-03-12 14:02:30','Info',0),(737,'Plugin registered','MAP','2025-03-12 14:02:31','Info',0),(738,'Plugin registered','MessageReceiver','2025-03-12 14:02:32','Info',0),(739,'Plugin \'CARMAStreetsPlugin\' (id: 2) startup time: 897 milliseconds','ivpcore.PluginMonitor','2025-03-12 14:02:32','Info',0),(740,'Plugin \'CDASimAdapter\' (id: 3) startup time: 1673 milliseconds','ivpcore.PluginMonitor','2025-03-12 14:02:32','Info',0),(741,'Plugin \'CommandPlugin\' (id: 4) startup time: 2535 milliseconds','ivpcore.PluginMonitor','2025-03-12 14:02:32','Info',0),(742,'Plugin \'ImmediateForward\' (id: 8) startup time: 3408 milliseconds','ivpcore.PluginMonitor','2025-03-12 14:02:32','Info',0),(743,'Plugin \'MAP\' (id: 10) startup time: 4283 milliseconds','ivpcore.PluginMonitor','2025-03-12 14:02:32','Info',0),(744,'Plugin \'MessageReceiver\' (id: 12) startup time: 5125 milliseconds','ivpcore.PluginMonitor','2025-03-12 14:02:32','Info',0),(745,'Plugin registered','SPAT','2025-03-12 14:02:33','Info',0),(746,'Plugin \'SPAT\' (id: 18) startup time: 6021 milliseconds','ivpcore.PluginMonitor','2025-03-12 14:02:38','Info',0),(747,'------------------------','--------','2025-03-12 14:05:01','Debug',0),(748,'IVP Core Starting','Ivp Core','2025-03-12 14:05:01','Info',0),(749,'Plugin registered','ivpcore.PluginMonitor','2025-03-12 14:05:02','Info',0),(750,'Plugin registered','ivpcore.MessageProfiler','2025-03-12 14:05:02','Info',0),(751,'Plugin registered','ivpcore.HistoryManager','2025-03-12 14:05:02','Info',0),(752,'Plugin registered','CARMAStreetsPlugin','2025-03-12 14:05:18','Info',0),(753,'Plugin registered','CDASimAdapter','2025-03-12 14:05:19','Info',0),(754,'Plugin registered','CommandPlugin','2025-03-12 14:05:20','Info',0),(755,'Plugin registered','ImmediateForward','2025-03-12 14:05:21','Info',0),(756,'Plugin registered','MAP','2025-03-12 14:05:22','Info',0),(757,'Plugin registered','MessageReceiver','2025-03-12 14:05:23','Info',0),(758,'Plugin \'CARMAStreetsPlugin\' (id: 2) startup time: 901 milliseconds','ivpcore.PluginMonitor','2025-03-12 14:05:23','Info',0),(759,'Plugin \'CDASimAdapter\' (id: 3) startup time: 1734 milliseconds','ivpcore.PluginMonitor','2025-03-12 14:05:23','Info',0),(760,'Plugin \'CommandPlugin\' (id: 4) startup time: 2603 milliseconds','ivpcore.PluginMonitor','2025-03-12 14:05:23','Info',0),(761,'Plugin \'ImmediateForward\' (id: 8) startup time: 3486 milliseconds','ivpcore.PluginMonitor','2025-03-12 14:05:23','Info',0),(762,'Plugin \'MAP\' (id: 10) startup time: 4351 milliseconds','ivpcore.PluginMonitor','2025-03-12 14:05:23','Info',0),(763,'Plugin \'MessageReceiver\' (id: 12) startup time: 5193 milliseconds','ivpcore.PluginMonitor','2025-03-12 14:05:23','Info',0),(764,'Plugin registered','SPAT','2025-03-12 14:05:24','Info',0),(765,'Plugin \'SPAT\' (id: 18) startup time: 6047 milliseconds','ivpcore.PluginMonitor','2025-03-12 14:05:28','Info',0),(766,'------------------------','--------','2025-03-12 14:07:05','Debug',0),(767,'IVP Core Starting','Ivp Core','2025-03-12 14:07:05','Info',0),(768,'Plugin registered','ivpcore.PluginMonitor','2025-03-12 14:07:06','Info',0),(769,'Plugin registered','ivpcore.MessageProfiler','2025-03-12 14:07:06','Info',0),(770,'Plugin registered','ivpcore.HistoryManager','2025-03-12 14:07:07','Info',0),(771,'Plugin registered','CARMAStreetsPlugin','2025-03-12 14:07:23','Info',0),(772,'Plugin registered','CDASimAdapter','2025-03-12 14:07:23','Info',0),(773,'Plugin registered','CommandPlugin','2025-03-12 14:07:24','Info',0),(774,'Plugin registered','ImmediateForward','2025-03-12 14:07:25','Info',0),(775,'Plugin registered','MAP','2025-03-12 14:07:26','Info',0),(776,'Plugin registered','MessageReceiver','2025-03-12 14:07:27','Info',0),(777,'Plugin \'CARMAStreetsPlugin\' (id: 2) startup time: 969 milliseconds','ivpcore.PluginMonitor','2025-03-12 14:07:27','Info',0),(778,'Plugin \'CDASimAdapter\' (id: 3) startup time: 1730 milliseconds','ivpcore.PluginMonitor','2025-03-12 14:07:27','Info',0),(779,'Plugin \'CommandPlugin\' (id: 4) startup time: 2583 milliseconds','ivpcore.PluginMonitor','2025-03-12 14:07:27','Info',0),(780,'Plugin \'ImmediateForward\' (id: 8) startup time: 3440 milliseconds','ivpcore.PluginMonitor','2025-03-12 14:07:27','Info',0),(781,'Plugin \'MAP\' (id: 10) startup time: 4337 milliseconds','ivpcore.PluginMonitor','2025-03-12 14:07:28','Info',0),(782,'Plugin \'MessageReceiver\' (id: 12) startup time: 5195 milliseconds','ivpcore.PluginMonitor','2025-03-12 14:07:28','Info',0),(783,'Plugin registered','SPAT','2025-03-12 14:07:28','Info',0),(784,'Plugin \'SPAT\' (id: 18) startup time: 6062 milliseconds','ivpcore.PluginMonitor','2025-03-12 14:07:33','Info',0),(785,'------------------------','--------','2025-03-12 14:08:57','Debug',0),(786,'IVP Core Starting','Ivp Core','2025-03-12 14:08:57','Info',0),(787,'Plugin registered','ivpcore.PluginMonitor','2025-03-12 14:08:58','Info',0),(788,'Plugin registered','ivpcore.MessageProfiler','2025-03-12 14:08:58','Info',0),(789,'Plugin registered','ivpcore.HistoryManager','2025-03-12 14:08:58','Info',0),(790,'Plugin registered','CARMAStreetsPlugin','2025-03-12 14:09:14','Info',0),(791,'Plugin registered','CDASimAdapter','2025-03-12 14:09:15','Info',0),(792,'Plugin registered','CommandPlugin','2025-03-12 14:09:16','Info',0),(793,'Plugin registered','ImmediateForward','2025-03-12 14:09:17','Info',0),(794,'Plugin registered','MAP','2025-03-12 14:09:18','Info',0),(795,'Plugin registered','MessageReceiver','2025-03-12 14:09:19','Info',0),(796,'Plugin \'CARMAStreetsPlugin\' (id: 2) startup time: 898 milliseconds','ivpcore.PluginMonitor','2025-03-12 14:09:19','Info',0),(797,'Plugin \'CDASimAdapter\' (id: 3) startup time: 1733 milliseconds','ivpcore.PluginMonitor','2025-03-12 14:09:19','Info',0),(798,'Plugin \'CommandPlugin\' (id: 4) startup time: 2598 milliseconds','ivpcore.PluginMonitor','2025-03-12 14:09:19','Info',0),(799,'Plugin \'ImmediateForward\' (id: 8) startup time: 3471 milliseconds','ivpcore.PluginMonitor','2025-03-12 14:09:19','Info',0),(800,'Plugin \'MAP\' (id: 10) startup time: 4342 milliseconds','ivpcore.PluginMonitor','2025-03-12 14:09:19','Info',0),(801,'Plugin \'MessageReceiver\' (id: 12) startup time: 5200 milliseconds','ivpcore.PluginMonitor','2025-03-12 14:09:19','Info',0),(802,'Plugin registered','SPAT','2025-03-12 14:09:20','Info',0),(803,'Plugin \'SPAT\' (id: 18) startup time: 6070 milliseconds','ivpcore.PluginMonitor','2025-03-12 14:09:24','Info',0),(804,'------------------------','--------','2025-03-12 14:42:34','Debug',0),(805,'IVP Core Starting','Ivp Core','2025-03-12 14:42:34','Info',0),(806,'Plugin registered','ivpcore.PluginMonitor','2025-03-12 14:42:35','Info',0),(807,'Plugin registered','ivpcore.MessageProfiler','2025-03-12 14:42:35','Info',0),(808,'Plugin registered','ivpcore.HistoryManager','2025-03-12 14:42:35','Info',0),(809,'Plugin registered','CARMAStreetsPlugin','2025-03-12 14:42:51','Info',0),(810,'Plugin registered','CDASimAdapter','2025-03-12 14:42:52','Info',0),(811,'Plugin registered','CommandPlugin','2025-03-12 14:42:53','Info',0),(812,'Plugin registered','ImmediateForward','2025-03-12 14:42:54','Info',0),(813,'Plugin registered','MAP','2025-03-12 14:42:55','Info',0),(814,'Plugin registered','MessageReceiver','2025-03-12 14:42:56','Info',0),(815,'Plugin \'CARMAStreetsPlugin\' (id: 2) startup time: 822 milliseconds','ivpcore.PluginMonitor','2025-03-12 14:42:56','Info',0),(816,'Plugin \'CDASimAdapter\' (id: 3) startup time: 1663 milliseconds','ivpcore.PluginMonitor','2025-03-12 14:42:56','Info',0),(817,'Plugin \'CommandPlugin\' (id: 4) startup time: 2523 milliseconds','ivpcore.PluginMonitor','2025-03-12 14:42:56','Info',0),(818,'Plugin \'ImmediateForward\' (id: 8) startup time: 3376 milliseconds','ivpcore.PluginMonitor','2025-03-12 14:42:56','Info',0),(819,'Plugin \'MAP\' (id: 10) startup time: 4274 milliseconds','ivpcore.PluginMonitor','2025-03-12 14:42:56','Info',0),(820,'Plugin \'MessageReceiver\' (id: 12) startup time: 5175 milliseconds','ivpcore.PluginMonitor','2025-03-12 14:42:56','Info',0),(821,'Plugin registered','SPAT','2025-03-12 14:42:57','Info',0),(822,'Plugin \'SPAT\' (id: 18) startup time: 6040 milliseconds','ivpcore.PluginMonitor','2025-03-12 14:43:01','Info',0),(823,'------------------------','--------','2025-03-12 14:45:19','Debug',0),(824,'IVP Core Starting','Ivp Core','2025-03-12 14:45:19','Info',0),(825,'Plugin registered','ivpcore.PluginMonitor','2025-03-12 14:45:20','Info',0),(826,'Plugin registered','ivpcore.MessageProfiler','2025-03-12 14:45:20','Info',0),(827,'Plugin registered','ivpcore.HistoryManager','2025-03-12 14:45:20','Info',0),(828,'Plugin registered','CARMAStreetsPlugin','2025-03-12 14:45:36','Info',0),(829,'Plugin registered','CDASimAdapter','2025-03-12 14:45:37','Info',0),(830,'Plugin registered','CommandPlugin','2025-03-12 14:45:38','Info',0),(831,'Plugin registered','ImmediateForward','2025-03-12 14:45:39','Info',0),(832,'Plugin registered','MAP','2025-03-12 14:45:40','Info',0),(833,'Plugin \'CARMAStreetsPlugin\' (id: 2) startup time: 882 milliseconds','ivpcore.PluginMonitor','2025-03-12 14:45:41','Info',0),(834,'Plugin \'CDASimAdapter\' (id: 3) startup time: 1722 milliseconds','ivpcore.PluginMonitor','2025-03-12 14:45:41','Info',0),(835,'Plugin registered','MessageReceiver','2025-03-12 14:45:41','Info',0),(836,'Plugin \'CommandPlugin\' (id: 4) startup time: 2623 milliseconds','ivpcore.PluginMonitor','2025-03-12 14:45:41','Info',0),(837,'Plugin \'ImmediateForward\' (id: 8) startup time: 3468 milliseconds','ivpcore.PluginMonitor','2025-03-12 14:45:41','Info',0),(838,'Plugin \'MAP\' (id: 10) startup time: 4371 milliseconds','ivpcore.PluginMonitor','2025-03-12 14:45:41','Info',0),(839,'Plugin registered','SPAT','2025-03-12 14:45:42','Info',0),(840,'Plugin \'MessageReceiver\' (id: 12) startup time: 5245 milliseconds','ivpcore.PluginMonitor','2025-03-12 14:45:46','Info',0),(841,'Plugin \'SPAT\' (id: 18) startup time: 6103 milliseconds','ivpcore.PluginMonitor','2025-03-12 14:45:46','Info',0),(842,'------------------------','--------','2025-03-12 14:48:49','Debug',0),(843,'IVP Core Starting','Ivp Core','2025-03-12 14:48:49','Info',0),(844,'Plugin registered','ivpcore.PluginMonitor','2025-03-12 14:48:50','Info',0),(845,'Plugin registered','ivpcore.MessageProfiler','2025-03-12 14:48:51','Info',0),(846,'Plugin registered','ivpcore.HistoryManager','2025-03-12 14:48:51','Info',0),(847,'Plugin registered','CARMAStreetsPlugin','2025-03-12 14:49:07','Info',0),(848,'Plugin registered','CDASimAdapter','2025-03-12 14:49:07','Info',0),(849,'Plugin registered','CommandPlugin','2025-03-12 14:49:08','Info',0),(850,'Plugin registered','ImmediateForward','2025-03-12 14:49:09','Info',0),(851,'Plugin registered','MAP','2025-03-12 14:49:10','Info',0),(852,'Plugin registered','MessageReceiver','2025-03-12 14:49:11','Info',0),(853,'Plugin \'CARMAStreetsPlugin\' (id: 2) startup time: 881 milliseconds','ivpcore.PluginMonitor','2025-03-12 14:49:12','Info',0),(854,'Plugin \'CDASimAdapter\' (id: 3) startup time: 1706 milliseconds','ivpcore.PluginMonitor','2025-03-12 14:49:12','Info',0),(855,'Plugin \'CommandPlugin\' (id: 4) startup time: 2592 milliseconds','ivpcore.PluginMonitor','2025-03-12 14:49:12','Info',0),(856,'Plugin \'ImmediateForward\' (id: 8) startup time: 3461 milliseconds','ivpcore.PluginMonitor','2025-03-12 14:49:12','Info',0),(857,'Plugin \'MAP\' (id: 10) startup time: 4325 milliseconds','ivpcore.PluginMonitor','2025-03-12 14:49:12','Info',0),(858,'Plugin \'MessageReceiver\' (id: 12) startup time: 5215 milliseconds','ivpcore.PluginMonitor','2025-03-12 14:49:12','Info',0),(859,'Plugin registered','SPAT','2025-03-12 14:49:12','Info',0),(860,'Plugin \'SPAT\' (id: 18) startup time: 6071 milliseconds','ivpcore.PluginMonitor','2025-03-12 14:49:17','Info',0),(861,'------------------------','--------','2025-03-12 15:11:17','Debug',0),(862,'IVP Core Starting','Ivp Core','2025-03-12 15:11:17','Info',0),(863,'Plugin registered','ivpcore.PluginMonitor','2025-03-12 15:11:18','Info',0),(864,'Plugin registered','ivpcore.MessageProfiler','2025-03-12 15:11:18','Info',0),(865,'Plugin registered','ivpcore.HistoryManager','2025-03-12 15:11:18','Info',0),(866,'Plugin registered','CARMAStreetsPlugin','2025-03-12 15:11:34','Info',0),(867,'Plugin registered','CDASimAdapter','2025-03-12 15:11:35','Info',0),(868,'Plugin registered','CommandPlugin','2025-03-12 15:11:36','Info',0),(869,'Plugin registered','ImmediateForward','2025-03-12 15:11:37','Info',0),(870,'Plugin registered','MAP','2025-03-12 15:11:38','Info',0),(871,'Plugin \'CARMAStreetsPlugin\' (id: 2) startup time: 870 milliseconds','ivpcore.PluginMonitor','2025-03-12 15:11:39','Info',0),(872,'Plugin \'CDASimAdapter\' (id: 3) startup time: 1725 milliseconds','ivpcore.PluginMonitor','2025-03-12 15:11:39','Info',0),(873,'Plugin registered','MessageReceiver','2025-03-12 15:11:39','Info',0),(874,'Plugin \'CommandPlugin\' (id: 4) startup time: 2603 milliseconds','ivpcore.PluginMonitor','2025-03-12 15:11:39','Info',0),(875,'Plugin \'ImmediateForward\' (id: 8) startup time: 3476 milliseconds','ivpcore.PluginMonitor','2025-03-12 15:11:39','Info',0),(876,'Plugin \'MAP\' (id: 10) startup time: 4340 milliseconds','ivpcore.PluginMonitor','2025-03-12 15:11:39','Info',0),(877,'Plugin registered','SPAT','2025-03-12 15:11:40','Info',0),(878,'Plugin \'MessageReceiver\' (id: 12) startup time: 5268 milliseconds','ivpcore.PluginMonitor','2025-03-12 15:11:44','Info',0),(879,'Plugin \'SPAT\' (id: 18) startup time: 6151 milliseconds','ivpcore.PluginMonitor','2025-03-12 15:11:44','Info',0),(880,'------------------------','--------','2025-03-12 15:16:15','Debug',0),(881,'IVP Core Starting','Ivp Core','2025-03-12 15:16:15','Info',0),(882,'Plugin registered','ivpcore.PluginMonitor','2025-03-12 15:16:16','Info',0),(883,'Plugin registered','ivpcore.MessageProfiler','2025-03-12 15:16:16','Info',0),(884,'Plugin registered','ivpcore.HistoryManager','2025-03-12 15:16:16','Info',0),(885,'Plugin registered','CARMAStreetsPlugin','2025-03-12 15:16:32','Info',0),(886,'Plugin registered','CDASimAdapter','2025-03-12 15:16:33','Info',0),(887,'Plugin registered','CommandPlugin','2025-03-12 15:16:34','Info',0),(888,'Plugin registered','ImmediateForward','2025-03-12 15:16:35','Info',0),(889,'Plugin registered','MAP','2025-03-12 15:16:36','Info',0),(890,'Plugin registered','MessageReceiver','2025-03-12 15:16:37','Info',0),(891,'Plugin \'CARMAStreetsPlugin\' (id: 2) startup time: 870 milliseconds','ivpcore.PluginMonitor','2025-03-12 15:16:37','Info',0),(892,'Plugin \'CDASimAdapter\' (id: 3) startup time: 1720 milliseconds','ivpcore.PluginMonitor','2025-03-12 15:16:37','Info',0),(893,'Plugin \'CommandPlugin\' (id: 4) startup time: 2567 milliseconds','ivpcore.PluginMonitor','2025-03-12 15:16:37','Info',0),(894,'Plugin \'ImmediateForward\' (id: 8) startup time: 3446 milliseconds','ivpcore.PluginMonitor','2025-03-12 15:16:37','Info',0),(895,'Plugin \'MAP\' (id: 10) startup time: 4310 milliseconds','ivpcore.PluginMonitor','2025-03-12 15:16:37','Info',0),(896,'Plugin registered','SPAT','2025-03-12 15:16:38','Info',0),(897,'Plugin \'MessageReceiver\' (id: 12) startup time: 5207 milliseconds','ivpcore.PluginMonitor','2025-03-12 15:16:42','Info',0),(898,'Plugin \'SPAT\' (id: 18) startup time: 6122 milliseconds','ivpcore.PluginMonitor','2025-03-12 15:16:42','Info',0),(899,'------------------------','--------','2025-03-12 18:36:39','Debug',0),(900,'IVP Core Starting','Ivp Core','2025-03-12 18:36:39','Info',0),(901,'Plugin registered','ivpcore.PluginMonitor','2025-03-12 18:36:40','Info',0),(902,'Plugin registered','ivpcore.MessageProfiler','2025-03-12 18:36:40','Info',0),(903,'Plugin registered','ivpcore.HistoryManager','2025-03-12 18:36:41','Info',0),(904,'Plugin registered','CARMAStreetsPlugin','2025-03-12 18:36:56','Info',0),(905,'------------------------','--------','2025-03-12 18:38:57','Debug',0),(906,'IVP Core Starting','Ivp Core','2025-03-12 18:38:57','Info',0),(907,'Plugin registered','ivpcore.PluginMonitor','2025-03-12 18:38:58','Info',0),(908,'Plugin registered','ivpcore.MessageProfiler','2025-03-12 18:38:58','Info',0),(909,'Plugin registered','ivpcore.HistoryManager','2025-03-12 18:38:58','Info',0),(910,'Plugin registered','CARMAStreetsPlugin','2025-03-12 18:39:14','Info',0),(911,'Plugin registered','CDASimAdapter','2025-03-12 18:39:15','Info',0),(912,'Plugin registered','CommandPlugin','2025-03-12 18:39:16','Info',0),(913,'Plugin registered','ImmediateForward','2025-03-12 18:39:17','Info',0),(914,'Plugin registered','MAP','2025-03-12 18:39:18','Info',0),(915,'Plugin registered','MessageReceiver','2025-03-12 18:39:19','Info',0),(916,'Plugin \'CARMAStreetsPlugin\' (id: 2) startup time: 892 milliseconds','ivpcore.PluginMonitor','2025-03-12 18:39:19','Info',0),(917,'Plugin \'CDASimAdapter\' (id: 3) startup time: 1729 milliseconds','ivpcore.PluginMonitor','2025-03-12 18:39:19','Info',0),(918,'Plugin \'CommandPlugin\' (id: 4) startup time: 2588 milliseconds','ivpcore.PluginMonitor','2025-03-12 18:39:19','Info',0),(919,'Plugin \'ImmediateForward\' (id: 8) startup time: 3443 milliseconds','ivpcore.PluginMonitor','2025-03-12 18:39:19','Info',0),(920,'Plugin \'MAP\' (id: 10) startup time: 4313 milliseconds','ivpcore.PluginMonitor','2025-03-12 18:39:19','Info',0),(921,'Plugin \'MessageReceiver\' (id: 12) startup time: 5166 milliseconds','ivpcore.PluginMonitor','2025-03-12 18:39:19','Info',0),(922,'Plugin registered','SPAT','2025-03-12 18:39:20','Info',0),(923,'Plugin \'SPAT\' (id: 18) startup time: 6038 milliseconds','ivpcore.PluginMonitor','2025-03-12 18:39:24','Info',0),(924,'SPAT encountered unhandled exception: could not bind UDP socket with: \"172.4.0.2:6053\"\nbacktrace: (Hint: Use addr2line -C -e <exe> 0x#######) to find line number)\nSpatPlugin(+0x420e9) [0x607bfd5240e9]\nSpatPlugin(+0x10acd0) [0x607bfd5eccd0]\nSpatPlugin(+0x23bb8) [0x607bfd505bb8]\nSpatPlugin(+0x36829) [0x607bfd518829]\nSpatPlugin(+0xda846) [0x607bfd5bc846]\nSpatPlugin(+0xe7de5) [0x607bfd5c9de5]\n/usr/local/lib/libtmxapi.so(ivp_onMessageReceived+0x129) [0x7fb0f3a88409]\n/usr/local/lib/libtmxapi.so(+0x7624) [0x7fb0f3a88624]\n/usr/local/lib/libtmxapi.so(ivp_receive+0x12) [0x7fb0f3a88712]\n/lib/x86_64-linux-gnu/libc.so.6(+0x94ac3) [0x7fb0f32c7ac3]\n/lib/x86_64-linux-gnu/libc.so.6(clone+0x44) [0x7fb0f3358a04]\ndiagnostic info:\nThrow location unknown (consider using BOOST_THROW_EXCEPTION)\nDynamic exception type: tmx::utils::UdpServerRuntimeError\nstd::exception::what: could not bind UDP socket with: \"172.4.0.2:6053\"\n\n','SPAT','2025-03-12 18:39:46','Warning',0),(925,'Plugin deconstructing','SPAT','2025-03-12 18:40:20','Warning',0),(926,'Plugin registered','SPAT','2025-03-12 18:40:31','Info',0),(927,'Plugin \'SPAT\' (id: 18) startup time: 899 milliseconds','ivpcore.PluginMonitor','2025-03-12 18:40:35','Info',0),(928,'Plugin deconstructing','SPAT','2025-03-12 18:45:23','Warning',0),(929,'Plugin registered','SPAT','2025-03-12 18:45:29','Info',0),(930,'Plugin \'SPAT\' (id: 18) startup time: 357 milliseconds','ivpcore.PluginMonitor','2025-03-12 18:45:34','Info',0),(931,'------------------------','--------','2025-03-12 18:55:29','Debug',0),(932,'IVP Core Starting','Ivp Core','2025-03-12 18:55:29','Info',0),(933,'Plugin registered','ivpcore.PluginMonitor','2025-03-12 18:55:30','Info',0),(934,'Plugin registered','ivpcore.MessageProfiler','2025-03-12 18:55:30','Info',0),(935,'Plugin registered','ivpcore.HistoryManager','2025-03-12 18:55:30','Info',0),(936,'Plugin registered','CARMAStreetsPlugin','2025-03-12 18:55:46','Info',0),(937,'Plugin registered','CDASimAdapter','2025-03-12 18:55:47','Info',0),(938,'Plugin registered','CommandPlugin','2025-03-12 18:55:48','Info',0),(939,'Plugin registered','ImmediateForward','2025-03-12 18:55:49','Info',0),(940,'Plugin registered','MAP','2025-03-12 18:55:50','Info',0),(941,'Plugin registered','MessageReceiver','2025-03-12 18:55:51','Info',0),(942,'Plugin \'CARMAStreetsPlugin\' (id: 2) startup time: 950 milliseconds','ivpcore.PluginMonitor','2025-03-12 18:55:51','Info',0),(943,'Plugin \'CDASimAdapter\' (id: 3) startup time: 1657 milliseconds','ivpcore.PluginMonitor','2025-03-12 18:55:51','Info',0),(944,'Plugin \'CommandPlugin\' (id: 4) startup time: 2519 milliseconds','ivpcore.PluginMonitor','2025-03-12 18:55:51','Info',0),(945,'Plugin \'ImmediateForward\' (id: 8) startup time: 3375 milliseconds','ivpcore.PluginMonitor','2025-03-12 18:55:51','Info',0),(946,'Plugin \'MAP\' (id: 10) startup time: 4275 milliseconds','ivpcore.PluginMonitor','2025-03-12 18:55:51','Info',0),(947,'Plugin \'MessageReceiver\' (id: 12) startup time: 5153 milliseconds','ivpcore.PluginMonitor','2025-03-12 18:55:51','Info',0),(948,'Plugin registered','SPAT','2025-03-12 18:55:52','Info',0),(949,'Plugin \'SPAT\' (id: 18) startup time: 6003 milliseconds','ivpcore.PluginMonitor','2025-03-12 18:55:56','Info',0),(950,'------------------------','--------','2025-03-12 19:01:15','Debug',0),(951,'IVP Core Starting','Ivp Core','2025-03-12 19:01:15','Info',0),(952,'Plugin registered','ivpcore.PluginMonitor','2025-03-12 19:01:16','Info',0),(953,'Plugin registered','ivpcore.MessageProfiler','2025-03-12 19:01:16','Info',0),(954,'Plugin registered','ivpcore.HistoryManager','2025-03-12 19:01:17','Info',0),(955,'Plugin registered','CARMAStreetsPlugin','2025-03-12 19:01:32','Info',0),(956,'Plugin registered','CDASimAdapter','2025-03-12 19:01:33','Info',0),(957,'Plugin registered','CommandPlugin','2025-03-12 19:01:34','Info',0),(958,'Plugin registered','ImmediateForward','2025-03-12 19:01:35','Info',0),(959,'Plugin registered','MAP','2025-03-12 19:01:36','Info',0),(960,'Plugin registered','MessageReceiver','2025-03-12 19:01:37','Info',0),(961,'Plugin \'CARMAStreetsPlugin\' (id: 2) startup time: 907 milliseconds','ivpcore.PluginMonitor','2025-03-12 19:01:37','Info',0),(962,'Plugin \'CDASimAdapter\' (id: 3) startup time: 1747 milliseconds','ivpcore.PluginMonitor','2025-03-12 19:01:37','Info',0),(963,'Plugin \'CommandPlugin\' (id: 4) startup time: 2585 milliseconds','ivpcore.PluginMonitor','2025-03-12 19:01:37','Info',0),(964,'Plugin \'ImmediateForward\' (id: 8) startup time: 3472 milliseconds','ivpcore.PluginMonitor','2025-03-12 19:01:37','Info',0),(965,'Plugin \'MAP\' (id: 10) startup time: 4373 milliseconds','ivpcore.PluginMonitor','2025-03-12 19:01:37','Info',0),(966,'Plugin registered','SPAT','2025-03-12 19:01:38','Info',0),(967,'Plugin \'MessageReceiver\' (id: 12) startup time: 5199 milliseconds','ivpcore.PluginMonitor','2025-03-12 19:01:42','Info',0),(968,'Plugin \'SPAT\' (id: 18) startup time: 6064 milliseconds','ivpcore.PluginMonitor','2025-03-12 19:01:43','Info',0),(969,'SPAT encountered unhandled exception: could not bind UDP socket with: \"172.4.0.2:6053\"\nbacktrace: (Hint: Use addr2line -C -e <exe> 0x#######) to find line number)\nSpatPlugin(+0x420e9) [0x56d7d853d0e9]\nSpatPlugin(+0x10acd0) [0x56d7d8605cd0]\nSpatPlugin(+0x23bb8) [0x56d7d851ebb8]\nSpatPlugin(+0x36829) [0x56d7d8531829]\nSpatPlugin(+0xda846) [0x56d7d85d5846]\nSpatPlugin(+0xe7de5) [0x56d7d85e2de5]\n/usr/local/lib/libtmxapi.so(ivp_onMessageReceived+0x129) [0x7d8ac796d409]\n/usr/local/lib/libtmxapi.so(+0x7624) [0x7d8ac796d624]\n/usr/local/lib/libtmxapi.so(ivp_receive+0x12) [0x7d8ac796d712]\n/lib/x86_64-linux-gnu/libc.so.6(+0x94ac3) [0x7d8ac71acac3]\n/lib/x86_64-linux-gnu/libc.so.6(clone+0x44) [0x7d8ac723da04]\ndiagnostic info:\nThrow location unknown (consider using BOOST_THROW_EXCEPTION)\nDynamic exception type: tmx::utils::UdpServerRuntimeError\nstd::exception::what: could not bind UDP socket with: \"172.4.0.2:6053\"\n\n','SPAT','2025-03-12 19:06:49','Warning',0),(970,'------------------------','--------','2025-03-12 19:14:48','Debug',0),(971,'IVP Core Starting','Ivp Core','2025-03-12 19:14:48','Info',0),(972,'Plugin registered','ivpcore.PluginMonitor','2025-03-12 19:14:49','Info',0),(973,'Plugin registered','ivpcore.MessageProfiler','2025-03-12 19:14:49','Info',0),(974,'Plugin registered','ivpcore.HistoryManager','2025-03-12 19:14:50','Info',0),(975,'Plugin registered','CARMAStreetsPlugin','2025-03-12 19:15:05','Info',0),(976,'Plugin registered','CDASimAdapter','2025-03-12 19:15:06','Info',0),(977,'Plugin registered','CommandPlugin','2025-03-12 19:15:07','Info',0),(978,'Plugin registered','ImmediateForward','2025-03-12 19:15:08','Info',0),(979,'Plugin registered','MAP','2025-03-12 19:15:09','Info',0),(980,'Plugin registered','MessageReceiver','2025-03-12 19:15:10','Info',0),(981,'Plugin \'CARMAStreetsPlugin\' (id: 2) startup time: 777 milliseconds','ivpcore.PluginMonitor','2025-03-12 19:15:10','Info',0),(982,'Plugin \'CDASimAdapter\' (id: 3) startup time: 1637 milliseconds','ivpcore.PluginMonitor','2025-03-12 19:15:10','Info',0),(983,'Plugin \'CommandPlugin\' (id: 4) startup time: 2502 milliseconds','ivpcore.PluginMonitor','2025-03-12 19:15:10','Info',0),(984,'Plugin \'ImmediateForward\' (id: 8) startup time: 3389 milliseconds','ivpcore.PluginMonitor','2025-03-12 19:15:10','Info',0),(985,'Plugin \'MAP\' (id: 10) startup time: 4260 milliseconds','ivpcore.PluginMonitor','2025-03-12 19:15:10','Info',0),(986,'Plugin \'MessageReceiver\' (id: 12) startup time: 5159 milliseconds','ivpcore.PluginMonitor','2025-03-12 19:15:10','Info',0),(987,'Plugin registered','SPAT','2025-03-12 19:15:11','Info',0),(988,'Plugin \'SPAT\' (id: 18) startup time: 5974 milliseconds','ivpcore.PluginMonitor','2025-03-12 19:15:16','Info',0),(989,'------------------------','--------','2025-03-12 19:18:37','Debug',0),(990,'IVP Core Starting','Ivp Core','2025-03-12 19:18:37','Info',0),(991,'Plugin registered','ivpcore.PluginMonitor','2025-03-12 19:18:38','Info',0),(992,'Plugin registered','ivpcore.MessageProfiler','2025-03-12 19:18:38','Info',0),(993,'Plugin registered','ivpcore.HistoryManager','2025-03-12 19:18:38','Info',0),(994,'Plugin registered','CARMAStreetsPlugin','2025-03-12 19:18:54','Info',0),(995,'Plugin registered','CDASimAdapter','2025-03-12 19:18:55','Info',0),(996,'Plugin registered','CommandPlugin','2025-03-12 19:18:56','Info',0),(997,'Plugin registered','ImmediateForward','2025-03-12 19:18:57','Info',0),(998,'Plugin registered','MAP','2025-03-12 19:18:58','Info',0),(999,'Plugin \'CARMAStreetsPlugin\' (id: 2) startup time: 884 milliseconds','ivpcore.PluginMonitor','2025-03-12 19:18:59','Info',0),(1000,'Plugin registered','MessageReceiver','2025-03-12 19:18:59','Info',0),(1001,'Plugin \'CDASimAdapter\' (id: 3) startup time: 1753 milliseconds','ivpcore.PluginMonitor','2025-03-12 19:18:59','Info',0),(1002,'Plugin \'CommandPlugin\' (id: 4) startup time: 2586 milliseconds','ivpcore.PluginMonitor','2025-03-12 19:18:59','Info',0),(1003,'Plugin \'ImmediateForward\' (id: 8) startup time: 3476 milliseconds','ivpcore.PluginMonitor','2025-03-12 19:18:59','Info',0),(1004,'Plugin \'MAP\' (id: 10) startup time: 4370 milliseconds','ivpcore.PluginMonitor','2025-03-12 19:18:59','Info',0),(1005,'Plugin registered','SPAT','2025-03-12 19:19:00','Info',0),(1006,'Plugin \'MessageReceiver\' (id: 12) startup time: 5285 milliseconds','ivpcore.PluginMonitor','2025-03-12 19:19:04','Info',0),(1007,'Plugin \'SPAT\' (id: 18) startup time: 6054 milliseconds','ivpcore.PluginMonitor','2025-03-12 19:19:04','Info',0),(1008,'------------------------','--------','2025-03-12 19:36:30','Debug',0),(1009,'IVP Core Starting','Ivp Core','2025-03-12 19:36:30','Info',0),(1010,'Plugin registered','ivpcore.PluginMonitor','2025-03-12 19:36:31','Info',0),(1011,'Plugin registered','ivpcore.MessageProfiler','2025-03-12 19:36:31','Info',0),(1012,'Plugin registered','ivpcore.HistoryManager','2025-03-12 19:36:31','Info',0),(1013,'Plugin registered','CARMAStreetsPlugin','2025-03-12 19:36:47','Info',0),(1014,'Plugin registered','CDASimAdapter','2025-03-12 19:36:48','Info',0),(1015,'Plugin registered','CommandPlugin','2025-03-12 19:36:49','Info',0),(1016,'Plugin registered','ImmediateForward','2025-03-12 19:36:50','Info',0),(1017,'Plugin registered','MAP','2025-03-12 19:36:51','Info',0),(1018,'Plugin \'CARMAStreetsPlugin\' (id: 2) startup time: 894 milliseconds','ivpcore.PluginMonitor','2025-03-12 19:36:52','Info',0),(1019,'Plugin \'CDASimAdapter\' (id: 3) startup time: 1722 milliseconds','ivpcore.PluginMonitor','2025-03-12 19:36:52','Info',0),(1020,'Plugin \'CommandPlugin\' (id: 4) startup time: 2615 milliseconds','ivpcore.PluginMonitor','2025-03-12 19:36:52','Info',0),(1021,'Plugin registered','MessageReceiver','2025-03-12 19:36:52','Info',0),(1022,'Plugin \'ImmediateForward\' (id: 8) startup time: 3479 milliseconds','ivpcore.PluginMonitor','2025-03-12 19:36:52','Info',0),(1023,'Plugin \'MAP\' (id: 10) startup time: 4352 milliseconds','ivpcore.PluginMonitor','2025-03-12 19:36:52','Info',0),(1024,'Plugin registered','SPAT','2025-03-12 19:36:53','Info',0),(1025,'Plugin \'MessageReceiver\' (id: 12) startup time: 5244 milliseconds','ivpcore.PluginMonitor','2025-03-12 19:36:57','Info',0),(1026,'Plugin \'SPAT\' (id: 18) startup time: 6121 milliseconds','ivpcore.PluginMonitor','2025-03-12 19:36:57','Info',0),(1027,'SPAT encountered unhandled exception: could not bind UDP socket with: \"172.4.0.2:6053\"\nbacktrace: (Hint: Use addr2line -C -e <exe> 0x#######) to find line number)\nSpatPlugin(+0x420e9) [0x5cace6ce70e9]\nSpatPlugin(+0x10acd0) [0x5cace6dafcd0]\nSpatPlugin(+0x23bb8) [0x5cace6cc8bb8]\nSpatPlugin(+0x36829) [0x5cace6cdb829]\nSpatPlugin(+0xda846) [0x5cace6d7f846]\nSpatPlugin(+0xe7de5) [0x5cace6d8cde5]\n/usr/local/lib/libtmxapi.so(ivp_onMessageReceived+0x129) [0x7c369b120409]\n/usr/local/lib/libtmxapi.so(+0x7624) [0x7c369b120624]\n/usr/local/lib/libtmxapi.so(ivp_receive+0x12) [0x7c369b120712]\n/lib/x86_64-linux-gnu/libc.so.6(+0x94ac3) [0x7c369a95fac3]\n/lib/x86_64-linux-gnu/libc.so.6(clone+0x44) [0x7c369a9f0a04]\ndiagnostic info:\nThrow location unknown (consider using BOOST_THROW_EXCEPTION)\nDynamic exception type: tmx::utils::UdpServerRuntimeError\nstd::exception::what: could not bind UDP socket with: \"172.4.0.2:6053\"\n\n','SPAT','2025-03-12 19:38:00','Warning',0),(1028,'------------------------','--------','2025-03-12 19:45:50','Debug',0),(1029,'IVP Core Starting','Ivp Core','2025-03-12 19:45:50','Info',0),(1030,'Plugin registered','ivpcore.PluginMonitor','2025-03-12 19:45:51','Info',0),(1031,'Plugin registered','ivpcore.MessageProfiler','2025-03-12 19:45:51','Info',0),(1032,'Plugin registered','ivpcore.HistoryManager','2025-03-12 19:45:52','Info',0),(1033,'Plugin registered','CARMAStreetsPlugin','2025-03-12 19:46:07','Info',0),(1034,'Plugin registered','CDASimAdapter','2025-03-12 19:46:08','Info',0),(1035,'Plugin registered','CommandPlugin','2025-03-12 19:46:09','Info',0),(1036,'Plugin registered','ImmediateForward','2025-03-12 19:46:10','Info',0),(1037,'Plugin registered','MAP','2025-03-12 19:46:11','Info',0),(1038,'Plugin registered','MessageReceiver','2025-03-12 19:46:12','Info',0),(1039,'Plugin \'CARMAStreetsPlugin\' (id: 2) startup time: 923 milliseconds','ivpcore.PluginMonitor','2025-03-12 19:46:12','Info',0),(1040,'Plugin \'CDASimAdapter\' (id: 3) startup time: 1748 milliseconds','ivpcore.PluginMonitor','2025-03-12 19:46:12','Info',0),(1041,'Plugin \'CommandPlugin\' (id: 4) startup time: 2614 milliseconds','ivpcore.PluginMonitor','2025-03-12 19:46:12','Info',0),(1042,'Plugin \'ImmediateForward\' (id: 8) startup time: 3491 milliseconds','ivpcore.PluginMonitor','2025-03-12 19:46:12','Info',0),(1043,'Plugin \'MAP\' (id: 10) startup time: 4377 milliseconds','ivpcore.PluginMonitor','2025-03-12 19:46:12','Info',0),(1044,'Plugin registered','SPAT','2025-03-12 19:46:13','Info',0),(1045,'Plugin \'MessageReceiver\' (id: 12) startup time: 5268 milliseconds','ivpcore.PluginMonitor','2025-03-12 19:46:18','Info',0),(1046,'Plugin \'SPAT\' (id: 18) startup time: 6125 milliseconds','ivpcore.PluginMonitor','2025-03-12 19:46:18','Info',0),(1047,'------------------------','--------','2025-03-12 19:59:05','Debug',0),(1048,'IVP Core Starting','Ivp Core','2025-03-12 19:59:05','Info',0),(1049,'Plugin registered','ivpcore.PluginMonitor','2025-03-12 19:59:06','Info',0),(1050,'Plugin registered','ivpcore.MessageProfiler','2025-03-12 19:59:06','Info',0),(1051,'Plugin registered','ivpcore.HistoryManager','2025-03-12 19:59:07','Info',0),(1052,'Plugin registered','CARMAStreetsPlugin','2025-03-12 19:59:22','Info',0),(1053,'Plugin registered','CDASimAdapter','2025-03-12 19:59:23','Info',0),(1054,'Plugin registered','CommandPlugin','2025-03-12 19:59:24','Info',0),(1055,'Plugin registered','ImmediateForward','2025-03-12 19:59:25','Info',0),(1056,'Plugin registered','MAP','2025-03-12 19:59:26','Info',0),(1057,'Plugin \'CARMAStreetsPlugin\' (id: 2) startup time: 946 milliseconds','ivpcore.PluginMonitor','2025-03-12 19:59:27','Info',0),(1058,'Plugin \'CDASimAdapter\' (id: 3) startup time: 1740 milliseconds','ivpcore.PluginMonitor','2025-03-12 19:59:27','Info',0),(1059,'Plugin \'CommandPlugin\' (id: 4) startup time: 2615 milliseconds','ivpcore.PluginMonitor','2025-03-12 19:59:27','Info',0),(1060,'Plugin registered','MessageReceiver','2025-03-12 19:59:27','Info',0),(1061,'Plugin \'ImmediateForward\' (id: 8) startup time: 3481 milliseconds','ivpcore.PluginMonitor','2025-03-12 19:59:27','Info',0),(1062,'Plugin \'MAP\' (id: 10) startup time: 4372 milliseconds','ivpcore.PluginMonitor','2025-03-12 19:59:27','Info',0),(1063,'Plugin registered','SPAT','2025-03-12 19:59:28','Info',0),(1064,'Plugin \'MessageReceiver\' (id: 12) startup time: 5258 milliseconds','ivpcore.PluginMonitor','2025-03-12 19:59:32','Info',0),(1065,'Plugin \'SPAT\' (id: 18) startup time: 6123 milliseconds','ivpcore.PluginMonitor','2025-03-12 19:59:32','Info',0),(1066,'------------------------','--------','2025-03-12 20:34:34','Debug',0),(1067,'IVP Core Starting','Ivp Core','2025-03-12 20:34:34','Info',0),(1068,'Plugin registered','ivpcore.PluginMonitor','2025-03-12 20:34:35','Info',0),(1069,'Plugin registered','ivpcore.MessageProfiler','2025-03-12 20:34:35','Info',0),(1070,'Plugin registered','ivpcore.HistoryManager','2025-03-12 20:34:36','Info',0),(1071,'Plugin registered','CARMAStreetsPlugin','2025-03-12 20:34:52','Info',0),(1072,'Plugin registered','CDASimAdapter','2025-03-12 20:34:52','Info',0),(1073,'Plugin registered','CommandPlugin','2025-03-12 20:34:53','Info',0),(1074,'Plugin registered','ImmediateForward','2025-03-12 20:34:54','Info',0),(1075,'Plugin registered','MAP','2025-03-12 20:34:55','Info',0),(1076,'Plugin \'CARMAStreetsPlugin\' (id: 2) startup time: 1126 milliseconds','ivpcore.PluginMonitor','2025-03-12 20:34:56','Info',0),(1077,'Plugin registered','MessageReceiver','2025-03-12 20:34:56','Info',0),(1078,'Plugin \'CDASimAdapter\' (id: 3) startup time: 1700 milliseconds','ivpcore.PluginMonitor','2025-03-12 20:34:56','Info',0),(1079,'Plugin \'CommandPlugin\' (id: 4) startup time: 2607 milliseconds','ivpcore.PluginMonitor','2025-03-12 20:34:56','Info',0),(1080,'Plugin \'ImmediateForward\' (id: 8) startup time: 3456 milliseconds','ivpcore.PluginMonitor','2025-03-12 20:34:56','Info',0),(1081,'Plugin \'MAP\' (id: 10) startup time: 4336 milliseconds','ivpcore.PluginMonitor','2025-03-12 20:34:56','Info',0),(1082,'Plugin registered','SPAT','2025-03-12 20:34:57','Info',0),(1083,'Plugin \'MessageReceiver\' (id: 12) startup time: 5232 milliseconds','ivpcore.PluginMonitor','2025-03-12 20:35:01','Info',0),(1084,'Plugin \'SPAT\' (id: 18) startup time: 6089 milliseconds','ivpcore.PluginMonitor','2025-03-12 20:35:01','Info',0),(1085,'------------------------','--------','2025-03-12 20:39:27','Debug',0),(1086,'IVP Core Starting','Ivp Core','2025-03-12 20:39:27','Info',0),(1087,'Plugin registered','ivpcore.PluginMonitor','2025-03-12 20:39:28','Info',0),(1088,'Plugin registered','ivpcore.MessageProfiler','2025-03-12 20:39:28','Info',0),(1089,'Plugin registered','ivpcore.HistoryManager','2025-03-12 20:39:28','Info',0),(1090,'Plugin registered','CARMAStreetsPlugin','2025-03-12 20:39:44','Info',0),(1091,'Plugin registered','CDASimAdapter','2025-03-12 20:39:45','Info',0),(1092,'Plugin registered','CommandPlugin','2025-03-12 20:39:46','Info',0),(1093,'Plugin registered','ImmediateForward','2025-03-12 20:39:47','Info',0),(1094,'Plugin registered','MAP','2025-03-12 20:39:48','Info',0),(1095,'Plugin \'CARMAStreetsPlugin\' (id: 2) startup time: 1149 milliseconds','ivpcore.PluginMonitor','2025-03-12 20:39:49','Info',0),(1096,'Plugin \'CDASimAdapter\' (id: 3) startup time: 1720 milliseconds','ivpcore.PluginMonitor','2025-03-12 20:39:49','Info',0),(1097,'Plugin \'CommandPlugin\' (id: 4) startup time: 2608 milliseconds','ivpcore.PluginMonitor','2025-03-12 20:39:49','Info',0),(1098,'Plugin registered','MessageReceiver','2025-03-12 20:39:49','Info',0),(1099,'Plugin \'ImmediateForward\' (id: 8) startup time: 3467 milliseconds','ivpcore.PluginMonitor','2025-03-12 20:39:49','Info',0),(1100,'Plugin \'MAP\' (id: 10) startup time: 4364 milliseconds','ivpcore.PluginMonitor','2025-03-12 20:39:49','Info',0),(1101,'Plugin registered','SPAT','2025-03-12 20:39:50','Info',0),(1102,'Plugin \'MessageReceiver\' (id: 12) startup time: 5256 milliseconds','ivpcore.PluginMonitor','2025-03-12 20:39:54','Info',0),(1103,'Plugin \'SPAT\' (id: 18) startup time: 6100 milliseconds','ivpcore.PluginMonitor','2025-03-12 20:39:54','Info',0),(1104,'SPAT encountered unhandled exception: could not bind UDP socket with: \"172.4.0.2:6053\"\nbacktrace: (Hint: Use addr2line -C -e <exe> 0x#######) to find line number)\nSpatPlugin(+0x420e9) [0x5842f458e0e9]\nSpatPlugin(+0x10acd0) [0x5842f4656cd0]\nSpatPlugin(+0x23bb8) [0x5842f456fbb8]\nSpatPlugin(+0x36829) [0x5842f4582829]\nSpatPlugin(+0xda846) [0x5842f4626846]\nSpatPlugin(+0xe7de5) [0x5842f4633de5]\n/usr/local/lib/libtmxapi.so(ivp_onMessageReceived+0x129) [0x70ea4d504409]\n/usr/local/lib/libtmxapi.so(+0x7624) [0x70ea4d504624]\n/usr/local/lib/libtmxapi.so(ivp_receive+0x12) [0x70ea4d504712]\n/lib/x86_64-linux-gnu/libc.so.6(+0x94ac3) [0x70ea4cd43ac3]\n/lib/x86_64-linux-gnu/libc.so.6(clone+0x44) [0x70ea4cdd4a04]\ndiagnostic info:\nThrow location unknown (consider using BOOST_THROW_EXCEPTION)\nDynamic exception type: tmx::utils::UdpServerRuntimeError\nstd::exception::what: could not bind UDP socket with: \"172.4.0.2:6053\"\n\n','SPAT','2025-03-12 20:45:13','Warning',0),(1105,'Plugin deconstructing','SPAT','2025-03-12 20:45:46','Warning',0),(1106,'Plugin registered','SPAT','2025-03-12 20:45:51','Info',0),(1107,'Plugin \'SPAT\' (id: 18) startup time: 165 milliseconds','ivpcore.PluginMonitor','2025-03-12 20:45:56','Info',0),(1108,'------------------------','--------','2025-03-12 20:46:37','Debug',0),(1109,'IVP Core Starting','Ivp Core','2025-03-12 20:46:37','Info',0),(1110,'Plugin registered','ivpcore.PluginMonitor','2025-03-12 20:46:39','Info',0),(1111,'Plugin registered','ivpcore.MessageProfiler','2025-03-12 20:46:39','Info',0),(1112,'Plugin registered','ivpcore.HistoryManager','2025-03-12 20:46:39','Info',0),(1113,'Plugin registered','CARMAStreetsPlugin','2025-03-12 20:46:55','Info',0),(1114,'Plugin registered','CDASimAdapter','2025-03-12 20:46:56','Info',0),(1115,'Plugin registered','CommandPlugin','2025-03-12 20:46:57','Info',0),(1116,'Plugin registered','ImmediateForward','2025-03-12 20:46:58','Info',0),(1117,'Plugin registered','MAP','2025-03-12 20:46:59','Info',0),(1118,'Plugin registered','MessageReceiver','2025-03-12 20:47:00','Info',0),(1119,'Plugin \'CARMAStreetsPlugin\' (id: 2) startup time: 918 milliseconds','ivpcore.PluginMonitor','2025-03-12 20:47:00','Info',0),(1120,'Plugin \'CDASimAdapter\' (id: 3) startup time: 1729 milliseconds','ivpcore.PluginMonitor','2025-03-12 20:47:00','Info',0),(1121,'Plugin \'CommandPlugin\' (id: 4) startup time: 2608 milliseconds','ivpcore.PluginMonitor','2025-03-12 20:47:00','Info',0),(1122,'Plugin \'ImmediateForward\' (id: 8) startup time: 3477 milliseconds','ivpcore.PluginMonitor','2025-03-12 20:47:00','Info',0),(1123,'Plugin \'MAP\' (id: 10) startup time: 4319 milliseconds','ivpcore.PluginMonitor','2025-03-12 20:47:00','Info',0),(1124,'Plugin \'MessageReceiver\' (id: 12) startup time: 5187 milliseconds','ivpcore.PluginMonitor','2025-03-12 20:47:00','Info',0),(1125,'Plugin registered','SPAT','2025-03-12 20:47:01','Info',0),(1126,'Plugin \'SPAT\' (id: 18) startup time: 6014 milliseconds','ivpcore.PluginMonitor','2025-03-12 20:47:05','Info',0),(1127,'------------------------','--------','2025-03-12 21:25:01','Debug',0),(1128,'IVP Core Starting','Ivp Core','2025-03-12 21:25:01','Info',0),(1129,'Plugin registered','ivpcore.PluginMonitor','2025-03-12 21:25:02','Info',0),(1130,'Plugin registered','ivpcore.MessageProfiler','2025-03-12 21:25:02','Info',0),(1131,'Plugin registered','ivpcore.HistoryManager','2025-03-12 21:25:02','Info',0),(1132,'Plugin registered','CARMAStreetsPlugin','2025-03-12 21:25:18','Info',0),(1133,'Plugin registered','CDASimAdapter','2025-03-12 21:25:19','Info',0),(1134,'Plugin registered','CommandPlugin','2025-03-12 21:25:20','Info',0),(1135,'Plugin registered','ImmediateForward','2025-03-12 21:25:21','Info',0),(1136,'Plugin registered','MAP','2025-03-12 21:25:22','Info',0),(1137,'Plugin registered','MessageReceiver','2025-03-12 21:25:23','Info',0),(1138,'Plugin \'CARMAStreetsPlugin\' (id: 2) startup time: 911 milliseconds','ivpcore.PluginMonitor','2025-03-12 21:25:23','Info',0),(1139,'Plugin \'CDASimAdapter\' (id: 3) startup time: 1759 milliseconds','ivpcore.PluginMonitor','2025-03-12 21:25:23','Info',0),(1140,'Plugin \'CommandPlugin\' (id: 4) startup time: 2616 milliseconds','ivpcore.PluginMonitor','2025-03-12 21:25:23','Info',0),(1141,'Plugin \'ImmediateForward\' (id: 8) startup time: 3485 milliseconds','ivpcore.PluginMonitor','2025-03-12 21:25:23','Info',0),(1142,'Plugin \'MAP\' (id: 10) startup time: 4385 milliseconds','ivpcore.PluginMonitor','2025-03-12 21:25:23','Info',0),(1143,'Plugin registered','SPAT','2025-03-12 21:25:24','Info',0),(1144,'Plugin \'MessageReceiver\' (id: 12) startup time: 5220 milliseconds','ivpcore.PluginMonitor','2025-03-12 21:25:28','Info',0),(1145,'Plugin \'SPAT\' (id: 18) startup time: 6073 milliseconds','ivpcore.PluginMonitor','2025-03-12 21:25:28','Info',0),(1146,'------------------------','--------','2025-03-12 21:27:38','Debug',0),(1147,'IVP Core Starting','Ivp Core','2025-03-12 21:27:38','Info',0),(1148,'Plugin registered','ivpcore.PluginMonitor','2025-03-12 21:27:39','Info',0),(1149,'Plugin registered','ivpcore.MessageProfiler','2025-03-12 21:27:39','Info',0),(1150,'Plugin registered','ivpcore.HistoryManager','2025-03-12 21:27:39','Info',0),(1151,'Plugin registered','CARMAStreetsPlugin','2025-03-12 21:27:55','Info',0),(1152,'Plugin registered','CDASimAdapter','2025-03-12 21:27:56','Info',0),(1153,'Plugin registered','CommandPlugin','2025-03-12 21:27:57','Info',0),(1154,'Plugin registered','ImmediateForward','2025-03-12 21:27:58','Info',0),(1155,'Plugin registered','MAP','2025-03-12 21:27:59','Info',0),(1156,'Plugin registered','MessageReceiver','2025-03-12 21:28:00','Info',0),(1157,'Plugin \'CARMAStreetsPlugin\' (id: 2) startup time: 896 milliseconds','ivpcore.PluginMonitor','2025-03-12 21:28:00','Info',0),(1158,'Plugin \'CDASimAdapter\' (id: 3) startup time: 1713 milliseconds','ivpcore.PluginMonitor','2025-03-12 21:28:00','Info',0),(1159,'Plugin \'CommandPlugin\' (id: 4) startup time: 2598 milliseconds','ivpcore.PluginMonitor','2025-03-12 21:28:00','Info',0),(1160,'Plugin \'ImmediateForward\' (id: 8) startup time: 3497 milliseconds','ivpcore.PluginMonitor','2025-03-12 21:28:00','Info',0),(1161,'Plugin \'MAP\' (id: 10) startup time: 4364 milliseconds','ivpcore.PluginMonitor','2025-03-12 21:28:00','Info',0),(1162,'Plugin \'MessageReceiver\' (id: 12) startup time: 5175 milliseconds','ivpcore.PluginMonitor','2025-03-12 21:28:00','Info',0),(1163,'Plugin registered','SPAT','2025-03-12 21:28:01','Info',0),(1164,'Plugin \'SPAT\' (id: 18) startup time: 6019 milliseconds','ivpcore.PluginMonitor','2025-03-12 21:28:05','Info',0),(1165,'------------------------','--------','2025-03-13 16:44:00','Debug',0),(1166,'IVP Core Starting','Ivp Core','2025-03-13 16:44:00','Info',0),(1167,'Plugin registered','ivpcore.PluginMonitor','2025-03-13 16:44:01','Info',0),(1168,'Plugin registered','ivpcore.MessageProfiler','2025-03-13 16:44:01','Info',0),(1169,'Plugin registered','ivpcore.HistoryManager','2025-03-13 16:44:01','Info',0),(1170,'Plugin registered','CARMAStreetsPlugin','2025-03-13 16:44:17','Info',0),(1171,'Plugin registered','CDASimAdapter','2025-03-13 16:44:18','Info',0),(1172,'Plugin registered','CommandPlugin','2025-03-13 16:44:19','Info',0),(1173,'Plugin registered','ImmediateForward','2025-03-13 16:44:20','Info',0),(1174,'Plugin registered','MAP','2025-03-13 16:44:21','Info',0),(1175,'Plugin registered','MessageReceiver','2025-03-13 16:44:22','Info',0),(1176,'Plugin \'CARMAStreetsPlugin\' (id: 2) startup time: 851 milliseconds','ivpcore.PluginMonitor','2025-03-13 16:44:22','Info',0),(1177,'Plugin \'CDASimAdapter\' (id: 3) startup time: 1676 milliseconds','ivpcore.PluginMonitor','2025-03-13 16:44:22','Info',0),(1178,'Plugin \'CommandPlugin\' (id: 4) startup time: 2494 milliseconds','ivpcore.PluginMonitor','2025-03-13 16:44:22','Info',0),(1179,'Plugin \'ImmediateForward\' (id: 8) startup time: 3318 milliseconds','ivpcore.PluginMonitor','2025-03-13 16:44:22','Info',0),(1180,'Plugin \'MAP\' (id: 10) startup time: 4209 milliseconds','ivpcore.PluginMonitor','2025-03-13 16:44:22','Info',0),(1181,'Plugin \'MessageReceiver\' (id: 12) startup time: 5060 milliseconds','ivpcore.PluginMonitor','2025-03-13 16:44:22','Info',0),(1182,'Plugin registered','SPAT','2025-03-13 16:44:23','Info',0),(1183,'------------------------','--------','2025-03-13 16:45:02','Debug',0),(1184,'IVP Core Starting','Ivp Core','2025-03-13 16:45:02','Info',0),(1185,'Plugin registered','ivpcore.PluginMonitor','2025-03-13 16:45:03','Info',0),(1186,'Plugin registered','ivpcore.MessageProfiler','2025-03-13 16:45:03','Info',0),(1187,'Plugin registered','ivpcore.HistoryManager','2025-03-13 16:45:03','Info',0),(1188,'Plugin registered','CARMAStreetsPlugin','2025-03-13 16:45:19','Info',0),(1189,'Plugin registered','CDASimAdapter','2025-03-13 16:45:20','Info',0),(1190,'Plugin registered','CommandPlugin','2025-03-13 16:45:21','Info',0),(1191,'Plugin registered','ImmediateForward','2025-03-13 16:45:22','Info',0),(1192,'Plugin registered','MAP','2025-03-13 16:45:23','Info',0),(1193,'Plugin \'CARMAStreetsPlugin\' (id: 2) startup time: 794 milliseconds','ivpcore.PluginMonitor','2025-03-13 16:45:24','Info',0),(1194,'Plugin registered','MessageReceiver','2025-03-13 16:45:24','Info',0),(1195,'Plugin \'CDASimAdapter\' (id: 3) startup time: 1657 milliseconds','ivpcore.PluginMonitor','2025-03-13 16:45:24','Info',0),(1196,'Plugin \'CommandPlugin\' (id: 4) startup time: 2530 milliseconds','ivpcore.PluginMonitor','2025-03-13 16:45:24','Info',0),(1197,'Plugin \'ImmediateForward\' (id: 8) startup time: 3443 milliseconds','ivpcore.PluginMonitor','2025-03-13 16:45:24','Info',0),(1198,'Plugin \'MAP\' (id: 10) startup time: 4340 milliseconds','ivpcore.PluginMonitor','2025-03-13 16:45:24','Info',0),(1199,'Plugin registered','SPAT','2025-03-13 16:45:25','Info',0),(1200,'Plugin \'MessageReceiver\' (id: 12) startup time: 5247 milliseconds','ivpcore.PluginMonitor','2025-03-13 16:45:29','Info',0),(1201,'Plugin \'SPAT\' (id: 18) startup time: 6093 milliseconds','ivpcore.PluginMonitor','2025-03-13 16:45:29','Info',0),(1202,'Plugin deconstructing','SPAT','2025-03-13 16:45:49','Warning',0),(1203,'Plugin registered','SPAT','2025-03-13 16:45:56','Info',0),(1204,'Plugin \'SPAT\' (id: 18) startup time: 1856 milliseconds','ivpcore.PluginMonitor','2025-03-13 16:46:01','Info',0),(1205,'------------------------','--------','2025-03-13 16:47:49','Debug',0),(1206,'IVP Core Starting','Ivp Core','2025-03-13 16:47:49','Info',0),(1207,'Plugin registered','ivpcore.PluginMonitor','2025-03-13 16:47:50','Info',0),(1208,'Plugin registered','ivpcore.MessageProfiler','2025-03-13 16:47:50','Info',0),(1209,'Plugin registered','ivpcore.HistoryManager','2025-03-13 16:47:50','Info',0),(1210,'Plugin registered','CARMAStreetsPlugin','2025-03-13 16:48:06','Info',0),(1211,'Plugin registered','CDASimAdapter','2025-03-13 16:48:07','Info',0),(1212,'Plugin registered','CommandPlugin','2025-03-13 16:48:08','Info',0),(1213,'Plugin registered','ImmediateForward','2025-03-13 16:48:09','Info',0),(1214,'Plugin registered','MAP','2025-03-13 16:48:10','Info',0),(1215,'Plugin registered','MessageReceiver','2025-03-13 16:48:11','Info',0),(1216,'Plugin \'CARMAStreetsPlugin\' (id: 2) startup time: 877 milliseconds','ivpcore.PluginMonitor','2025-03-13 16:48:11','Info',0),(1217,'Plugin \'CDASimAdapter\' (id: 3) startup time: 1732 milliseconds','ivpcore.PluginMonitor','2025-03-13 16:48:11','Info',0),(1218,'Plugin \'CommandPlugin\' (id: 4) startup time: 2571 milliseconds','ivpcore.PluginMonitor','2025-03-13 16:48:11','Info',0),(1219,'Plugin \'ImmediateForward\' (id: 8) startup time: 3449 milliseconds','ivpcore.PluginMonitor','2025-03-13 16:48:11','Info',0),(1220,'Plugin \'MAP\' (id: 10) startup time: 4325 milliseconds','ivpcore.PluginMonitor','2025-03-13 16:48:11','Info',0),(1221,'Plugin \'MessageReceiver\' (id: 12) startup time: 5136 milliseconds','ivpcore.PluginMonitor','2025-03-13 16:48:11','Info',0),(1222,'Plugin registered','SPAT','2025-03-13 16:48:12','Info',0),(1223,'Plugin \'SPAT\' (id: 18) startup time: 6018 milliseconds','ivpcore.PluginMonitor','2025-03-13 16:48:16','Info',0);
/*!40000 ALTER TABLE `eventLog` ENABLE KEYS */;
UNLOCK TABLES;

--
-- Table structure for table `installedPlugin`
--

DROP TABLE IF EXISTS `installedPlugin`;
/*!40101 SET @saved_cs_client     = @@character_set_client */;
/*!50503 SET character_set_client = utf8mb4 */;
CREATE TABLE `installedPlugin` (
  `id` int(10) unsigned NOT NULL AUTO_INCREMENT,
  `pluginId` int(10) unsigned NOT NULL,
  `path` text NOT NULL,
  `exeName` text NOT NULL,
  `manifestName` text NOT NULL,
  `commandLineParameters` text NOT NULL,
  `enabled` tinyint(1) NOT NULL,
  `maxMessageInterval` int(10) unsigned NOT NULL,
  PRIMARY KEY (`id`),
  UNIQUE KEY `pluginId` (`pluginId`),
  CONSTRAINT `installedPlugin_ibfk_2` FOREIGN KEY (`pluginId`) REFERENCES `plugin` (`id`)
) ENGINE=InnoDB AUTO_INCREMENT=23 DEFAULT CHARSET=latin1;
/*!40101 SET character_set_client = @saved_cs_client */;

--
-- Dumping data for table `installedPlugin`
--

LOCK TABLES `installedPlugin` WRITE;
/*!40000 ALTER TABLE `installedPlugin` DISABLE KEYS */;
INSERT INTO `installedPlugin` VALUES (1,1,'/var/www/plugins/CARMACloudPlugin','/bin/CARMACloudPlugin','manifest.json','',0,500000),(2,2,'/var/www/plugins/CARMAStreetsPlugin','/bin/CARMAStreetsPlugin','manifest.json','',1,500000),(3,3,'/var/www/plugins/CDASimAdapter','/bin/CDASimAdapter','manifest.json','',1,500000),(4,4,'/var/www/plugins/CommandPlugin','/bin/CommandPlugin','manifest.json','',1,500000),(5,5,'/var/www/plugins/CswPlugin','/bin/CswPlugin','manifest.json','',0,500000),(6,6,'/var/www/plugins/DmsPlugin','/bin/DmsPlugin','manifest.json','',0,500000),(7,7,'/var/www/plugins/ERVCloudForwardingPlugin','/bin/ERVCloudForwardingPlugin','manifest.json','',0,500000),(8,8,'/var/www/plugins/ImmediateForwardPlugin','/bin/ImmediateForwardPlugin','manifest.json','',1,500000),(9,9,'/var/www/plugins/LocationPlugin','/bin/LocationPlugin','manifest.json','',0,500000),(10,10,'/var/www/plugins/MapPlugin','/bin/MapPlugin','manifest.json','',1,500000),(11,11,'/var/www/plugins/MessageLoggerPlugin','/bin/MessageLoggerPlugin','manifest.json','',0,500000),(12,12,'/var/www/plugins/MessageReceiverPlugin','/bin/MessageReceiverPlugin','manifest.json','',1,500000),(13,13,'/var/www/plugins/ODEForwardPlugin','/bin/ODEForwardPlugin','manifest.json','',0,500000),(14,14,'/var/www/plugins/PedestrianPlugin','/bin/PedestrianPlugin','manifest.json','',0,500000),(15,15,'/var/www/plugins/PortDrayagePlugin','/bin/PortDrayagePlugin','manifest.json','',0,500000),(16,16,'/var/www/plugins/PreemptionPlugin','/bin/PreemptionPlugin','manifest.json','',0,500000),(17,17,'/var/www/plugins/RtcmPlugin','/bin/RtcmPlugin','manifest.json','',0,500000),(18,18,'/var/www/plugins/SpatPlugin','/bin/SpatPlugin','manifest.json','',1,500000),(19,19,'/var/www/plugins/TimPlugin','/bin/TimPlugin','manifest.json','',0,500000),(20,23,'/var/www/plugins/MUSTSensorDriverPlugin','/bin/MUSTSensorDriverPlugin','manifest.json','',0,500000),(21,24,'/var/www/plugins/RSUHealthMonitorPlugin','/bin/RSUHealthMonitorPlugin','manifest.json','',0,500000),(22,25,'/var/www/plugins/TelematicBridgePlugin','/bin/TelematicBridgePlugin','manifest.json','',0,500000);
/*!40000 ALTER TABLE `installedPlugin` ENABLE KEYS */;
UNLOCK TABLES;

--
-- Table structure for table `messageActivity`
--

DROP TABLE IF EXISTS `messageActivity`;
/*!40101 SET @saved_cs_client     = @@character_set_client */;
/*!50503 SET character_set_client = utf8mb4 */;
CREATE TABLE `messageActivity` (
  `id` int(10) unsigned NOT NULL AUTO_INCREMENT COMMENT 'Primary key',
  `messageTypeId` int(10) unsigned NOT NULL COMMENT 'Foreign key into the messageType table',
  `pluginId` int(10) unsigned NOT NULL,
  `count` int(10) unsigned NOT NULL,
  `lastReceivedTimestamp` timestamp NOT NULL DEFAULT CURRENT_TIMESTAMP COMMENT 'The date and time of the most recent message of a type in UTC.',
  `averageInterval` int(10) unsigned NOT NULL,
  PRIMARY KEY (`id`),
  UNIQUE KEY `messageTypeId_pluginId` (`messageTypeId`,`pluginId`),
  KEY `messageTypeId` (`messageTypeId`),
  KEY `pluginId` (`pluginId`),
  CONSTRAINT `messageActivity_ibfk_1` FOREIGN KEY (`messageTypeId`) REFERENCES `messageType` (`id`) ON DELETE CASCADE ON UPDATE CASCADE,
  CONSTRAINT `messageActivity_ibfk_2` FOREIGN KEY (`pluginId`) REFERENCES `plugin` (`id`) ON DELETE CASCADE ON UPDATE CASCADE
) ENGINE=InnoDB AUTO_INCREMENT=8036 DEFAULT CHARSET=latin1 COMMENT='This table records the most recent message activity of each active plugin in the IVP system. The data in this table is updated by the IVP plugin monitor core component for every message the plugin monitor receives.';
/*!40101 SET character_set_client = @saved_cs_client */;

--
-- Dumping data for table `messageActivity`
--

LOCK TABLES `messageActivity` WRITE;
/*!40000 ALTER TABLE `messageActivity` DISABLE KEYS */;
INSERT INTO `messageActivity` VALUES (1,15,10,1,'2025-03-13 16:48:15',0),(2,15,12,1,'2025-03-13 16:48:16',0),(3,15,2,1,'2025-03-13 16:48:15',0),(4,15,3,1,'2025-03-13 16:48:15',0),(5,15,4,1,'2025-03-13 16:48:15',0),(6,15,8,1,'2025-03-13 16:48:15',0),(212,80,12,996,'2025-03-13 16:53:33',303),(215,30,3,2279,'2025-03-13 16:53:33',149),(220,1,12,1166,'2025-03-13 16:53:33',307),(241,15,18,1,'2025-03-13 16:48:16',0),(301,84,18,2238,'2025-03-13 16:53:33',150),(310,62,12,39,'2025-03-13 16:53:33',6666),(845,45,10,225,'2025-03-13 16:53:32',1538),(6038,136,12,3192,'2025-03-06 23:27:42',0);
/*!40000 ALTER TABLE `messageActivity` ENABLE KEYS */;
UNLOCK TABLES;

--
-- Table structure for table `messageType`
--

DROP TABLE IF EXISTS `messageType`;
/*!40101 SET @saved_cs_client     = @@character_set_client */;
/*!50503 SET character_set_client = utf8mb4 */;
CREATE TABLE `messageType` (
  `id` int(10) unsigned NOT NULL AUTO_INCREMENT COMMENT 'Primary key',
  `type` varchar(50) NOT NULL COMMENT 'A unique message type name',
  `subtype` varchar(50) NOT NULL,
  `description` text COMMENT 'A description of the message type',
  PRIMARY KEY (`id`),
  UNIQUE KEY `type` (`type`,`subtype`)
) ENGINE=InnoDB AUTO_INCREMENT=162 DEFAULT CHARSET=latin1 COMMENT='This table lists the valid message types of every plugin loaded on the IVP platform.';
/*!40101 SET character_set_client = @saved_cs_client */;

--
-- Dumping data for table `messageType`
--

LOCK TABLES `messageType` WRITE;
/*!40000 ALTER TABLE `messageType` DISABLE KEYS */;
INSERT INTO `messageType` VALUES (1,'J2735','BSM','DSRC Basic Safety Message'),(2,'J2735','CSR','DSRC Common Safety Request'),(3,'J2735','EVA','DSRC Emergency Vehicle Alert'),(4,'J2735','IC','DSRC Intersection Collision'),(5,'J2735','MAP','DSRC Map Data'),(6,'J2735','NMEA','DSRC NMEA Corrections'),(7,'J2735','PDM','DSRC Probe Data Management'),(8,'J2735','PVD','DSRC Probe Vehicle Data'),(9,'J2735','RSA','DSRC Road Side Alert'),(10,'J2735','RTCM','DSRC RTCM Corrections'),(11,'J2735','SPAT','DSRC SPAT Message'),(12,'J2735','SRM','DSRC Signal Request Message'),(13,'J2735','SSM','DSRC Signal Status Message'),(14,'J2735','TIM','DSRC Traveler Information Message'),(15,'System','KeepAlive',''),(30,'Application','TimeSync','Time synchronization message.'),(45,'J2735','MAP-P','Full geometric layout of the intersection.'),(62,'J2735','TMSG04-P',''),(79,'J2735','TMSG03-P','Mobility Operation Message'),(80,'J2735','TMSG02-P','Mobility Path Message'),(84,'J2735','SPAT-P','Signal Phase and Timing (SPAT) status for the signalized intersection.'),(105,'Application','SensorDetectedObject','Sensor detected object for cooperative perception.'),(106,'J2735','SensorDataSharingMessage','Message to share detected object data.'),(136,'Unknown','Unknown','');
/*!40000 ALTER TABLE `messageType` ENABLE KEYS */;
UNLOCK TABLES;

--
-- Table structure for table `plugin`
--

DROP TABLE IF EXISTS `plugin`;
/*!40101 SET @saved_cs_client     = @@character_set_client */;
/*!50503 SET character_set_client = utf8mb4 */;
CREATE TABLE `plugin` (
  `id` int(10) unsigned NOT NULL AUTO_INCREMENT COMMENT 'Primary key',
  `name` varchar(100) NOT NULL COMMENT 'A unique plugin name',
  `description` text,
  `version` text,
  PRIMARY KEY (`id`),
  UNIQUE KEY `name` (`name`)
) ENGINE=InnoDB AUTO_INCREMENT=43 DEFAULT CHARSET=latin1 COMMENT='This table lists the plugins loaded and available to run on the IVP platform.';
/*!40101 SET character_set_client = @saved_cs_client */;

--
-- Dumping data for table `plugin`
--

LOCK TABLES `plugin` WRITE;
/*!40000 ALTER TABLE `plugin` DISABLE KEYS */;
INSERT INTO `plugin` VALUES (0,'Plugin System','The global configuration for all TMX plugins','4.0'),(1,'CARMACloud','CARMA cloud plugin for making websocket connection with CARMA cloud .','7.6.0'),(2,'CARMAStreetsPlugin','Plugin to communicate with CARMA Streets via Apache Kafka','7.6.0'),(3,'CDASimAdapter','CDASim Adapter is the V2X-Hub plugin that facilitates the connection between the CDASim simulation environment and V2X-Hub and CARMA Streets.','7.6.0'),(4,'CommandPlugin','Listens for websocket connections from the TMX admin portal and processes commands','7.6.0'),(5,'CSW','Provides Curve Speed Warning (CSW).','7.6.0'),(6,'DynamicMessageSign','Provides communication to a dynamic message sign.','7.6.0'),(7,'ERVCloudForwarding','ERV (Emergency Response Vehicle) cloud plugin for making websocket connection with CARMA cloud, and forward ERV BSM to CARMA cloud.','7.6.0'),(8,'ImmediateForward','Plugin that listens for TMX messages and forwards them to the V2X Radio (i.e. the RSU).','7.6.0'),(9,'Location','Plugin used to send out Location Messages using data from GPSD','7.6.0'),(10,'MAP','Plugin that reads intersection geometry from a configuration file and publishes a J2735 MAP message.','7.6.0'),(11,'MessageLoggerPlugin','Listens for J2735 messages and logs them in a file in JSON format.','7.6.0'),(12,'MessageReceiver','Plugin to receive messages from an external V2X radio or other source','7.6.0'),(13,'ODEForwardPlugin','Listens for J2735 messages and realtime forwards them to ODE.','7.6.0'),(14,'Pedestrian','Pedestrian plugin for the IVP system.','7.6.0'),(15,'PortDrayagePlugin','PortDrayagePlugin for sending freight trucks automated actions in a port.','7.6.0'),(16,'Preemption','Preemption plugin for the IVP system.','7.6.0'),(17,'RTCM','Plugin to listen for RTCM messages from an NTRIP caster and route those messages over a V2X radio','7.6.0'),(18,'SPAT','The SPaT plugin receives live Signal Phase and Timing data from the Traffic Signal Controller and publishes a J2735 SPAT message.','7.6.0'),(19,'TIM','Provides Traveller Information Message (TIM).','7.6.0'),(20,'ivpcore.PluginMonitor','Core element that is responsible for starting/stopping installed plugins and monitoring the status of the plugins','3.2.0'),(21,'ivpcore.MessageProfiler','Core element that is responsible for profiling the statistics of received messages','3.2.0'),(22,'ivpcore.HistoryManager','Core element that is responsible for purging old log and history data','3.2.0'),(23,'MUSTSensorDriver','Plugin for processing MUST Sensor Data.','7.6.0'),(24,'RSUHealthMonitor','Monitor RSU health status','7.6.0'),(25,'TelematicBridge','Plugin that listens for TMX messages and forward them to the Telematic cloud services.','7.6.0');
/*!40000 ALTER TABLE `plugin` ENABLE KEYS */;
UNLOCK TABLES;

--
-- Table structure for table `pluginActivity`
--

DROP TABLE IF EXISTS `pluginActivity`;
/*!40101 SET @saved_cs_client     = @@character_set_client */;
/*!50503 SET character_set_client = utf8mb4 */;
CREATE TABLE `pluginActivity` (
  `id` int(10) unsigned NOT NULL AUTO_INCREMENT COMMENT 'Primary key',
  `msgReceivedTimestamp` bigint(20) unsigned NOT NULL COMMENT 'Timestamp in microseconds since Epoch of when message was received by destination Plugin',
  `rPluginName` varchar(100) NOT NULL COMMENT 'Name of receiving plugin',
  `sPluginName` varchar(100) NOT NULL COMMENT 'Name of source plugin',
  `msgType` varchar(100) NOT NULL COMMENT 'Type of message',
  `msgSubtype` varchar(100) NOT NULL COMMENT 'Subtype of message',
  `msgCreatedTimestamp` bigint(20) NOT NULL COMMENT 'Timestamp in milliseconds since Epoch of when message was created.',
  `msgHandledTimestamp` bigint(20) NOT NULL COMMENT 'Timestamp in milliseconds since Epoch of when receiving plugin finished handling message.',
  `origMsgTimestamp` bigint(20) NOT NULL COMMENT 'Timestamp in milliseconds since Epoch of the original message that triggered this message sequence.',
  PRIMARY KEY (`id`),
  UNIQUE KEY `msgReceivedTimestamp_rPluginName` (`msgReceivedTimestamp`,`rPluginName`)
) ENGINE=InnoDB DEFAULT CHARSET=latin1 COMMENT='This table records all message activity of each active plugin in the IVP system. The data in this table is updated by each Plugin as part of PluginClient base class implementation.';
/*!40101 SET character_set_client = @saved_cs_client */;

--
-- Dumping data for table `pluginActivity`
--

LOCK TABLES `pluginActivity` WRITE;
/*!40000 ALTER TABLE `pluginActivity` DISABLE KEYS */;
/*!40000 ALTER TABLE `pluginActivity` ENABLE KEYS */;
UNLOCK TABLES;

--
-- Table structure for table `pluginConfigurationParameter`
--

DROP TABLE IF EXISTS `pluginConfigurationParameter`;
/*!40101 SET @saved_cs_client     = @@character_set_client */;
/*!50503 SET character_set_client = utf8mb4 */;
CREATE TABLE `pluginConfigurationParameter` (
  `id` int(10) unsigned NOT NULL AUTO_INCREMENT COMMENT 'Primary key',
  `pluginId` int(10) unsigned NOT NULL,
  `key` varchar(255) NOT NULL COMMENT 'The name of a configuration parameter.',
  `value` text NOT NULL COMMENT 'The value of a configuration parameter',
  `defaultValue` text NOT NULL,
  `description` text NOT NULL,
  PRIMARY KEY (`id`),
  UNIQUE KEY `pluginId_key` (`pluginId`,`key`),
  KEY `pluginId` (`pluginId`),
  CONSTRAINT `pluginConfigurationParameter_ibfk_1` FOREIGN KEY (`pluginId`) REFERENCES `plugin` (`id`) ON DELETE CASCADE ON UPDATE CASCADE
) ENGINE=InnoDB AUTO_INCREMENT=260 DEFAULT CHARSET=latin1 COMMENT='This table lists the IVP system configuration parameters used by both core components and plugins to control the behavior of the system.';
/*!40101 SET character_set_client = @saved_cs_client */;

--
-- Dumping data for table `pluginConfigurationParameter`
--

LOCK TABLES `pluginConfigurationParameter` WRITE;
/*!40000 ALTER TABLE `pluginConfigurationParameter` DISABLE KEYS */;
INSERT INTO `pluginConfigurationParameter` VALUES (1,1,'Frequency','1000','1000','The frequency to send the TIM in milliseconds.'),(2,1,'Instance','0','0','The instance of this plugin.'),(3,1,'WebServiceIP','127.0.0.1','127.0.0.1','Server IP address for V2X hub'),(4,1,'fetchTime','15','15','Time from while the TCMs are requested, in days'),(5,1,'LogLevel','INFO','INFO','The log level for this plugin'),(6,1,'MobilityOperationStrategies','carma3/Geofence_Acknowledgement','carma3/Geofence_Acknowledgement','A comma separated list of strategies of MobilityOperation messages from CARMA vehicles.'),(7,1,'TCMRepeatedlyBroadcastTimeOut','1000','1000','After it receives TCM from carma cloud, it repeatedly broadcasts TCM until TCMRepeatTimeOut milliseconds.'),(8,1,'TCMRepeatedlyBroadcastSleep','100','100','The repeatedly broadcast thread should sleep for number of milliseconds.'),(9,1,'TCMRepeatedlyBroadCastTotalTimes','1','1','The number of times TCMs with the same request id should be repeatedly broadcast within the time out period.'),(10,1,'TCMNOAcknowledgementDescription','No response received from CMV after repeatedly broadcast TCMs.','No response received from CMV after repeatedly broadcast TCMs.','If the plugin does not receives any aknowledgement from CMV within the configured seconds that match the original TCM, the plugin will create an NO ACK message and display it on UI.'),(11,1,'WebServicePort','22222','22222','Server Port for V2X hub to receive TCM messages'),(12,1,'listTCM','true','true','Indicator to determine if v2xhub receives a list of TCMs from carma-cloud. Default to true, returning a list of TCM. If false, return one TCM at a time. Indicator value can only be either true or false.'),(13,2,'LogLevel','INFO','INFO','The log level for this plugin'),(14,2,'IntersectionId','36243','9945','The id of intersection.'),(15,2,'KafkaBrokerIp','172.4.0.3','127.0.0.1','IP of Apache Kafka broker.'),(16,2,'KafkaBrokerPort','9092','9092','Port of Apache Kafka broker.'),(17,2,'MobilityOperationStrategies','Carma/stop_controlled_intersection,Carma/signalized_intersection','Carma/stop_controlled_intersection,Carma/signalized_intersection','A comma separated list of strategies of MobilityOperation messages to send to CARMA Streets'),(18,2,'MobilityOperationTopic','v2xhub_mobility_operation_in','v2xhub_mobility_operation_in','Apache Kafka topic plugin will transmit message to.'),(19,2,'MobilityPathTopic','v2xhub_mobility_path_in','v2xhub_mobility_path_in','Apache Kafka topic plugin will transmit message to.'),(20,2,'BsmTopic','v2xhub_bsm_in','v2xhub_bsm_in','Apache Kafka topic plugin will transmit message to.'),(21,2,'MapTopic','v2xhub_map_msg_in','v2xhub_map_msg_in','Apache Kafka topic plugin will transmit message to.'),(22,2,'SchedulingPlanTopic','v2xhub_scheduling_plan_sub','v2xhub_scheduling_plan_sub','Apache Kafka topic plugin will transmit message to.'),(24,2,'SpatTopic','modified_spat','modified_spat','Apache Kafka topic plugin will transmit message to.'),(26,3,'LogLevel','INFO','INFO','The log level for this plugin'),(30,4,'SleepMS','100','100','The length of milliseconds to sleep between processing all messages.'),(31,4,'SSLEnabled','true','true','Enable secure connection using SSL.'),(32,4,'SSLPath','/var/www/plugins/.ssl','/var/www/plugins/.ssl','The path to the directory containing the SSL key and certificate files.'),(33,4,'EventRowLimit','50','50','The maximum number of rows returned for the initial Event Log query.'),(34,4,'DownloadPath','/var/www/download','/var/www/download','The path to the directory where downloaded files will be saved.'),(35,4,'LogLevel','ERROR','ERROR','The log level for this plugin'),(36,5,'Frequency','1000','1000','The frequency to send the TIM in milliseconds.'),(37,5,'MapFile','IVP_GF_CSW.xml','IVP_GF_CSW.xml',''),(38,5,'Snap Interval','300','300','The interval in milliseconds to keep a vehicle within a zone before allowing it to transition out of all zones.'),(39,5,'Vehicle Timeout','2000','2000','Timeout in milliseconds when a vehicle is removed from all zones if a BSM has not been received.'),(40,6,'DMS IP Address','192.168.25.30','192.168.25.30','The IP address of the NTCIP Dynamic Message Sign.'),(41,6,'DMS Port','9090','9090','The port of the NTCIP Dynamic Message Sign.'),(42,6,'Enable DMS','True','True','If true all messages are sent to the Dynamic Message Sign using NTCIP 1203.'),(43,6,'Enable Sign Simulator','True','True','If true all messages are sent to the Sign Simulator using UDP.'),(44,6,'Force Message ID','-1','-1','Immediately activates the message ID specified, then resets back to -1.'),(45,6,'Message 01','','','The text to display on the sign for ID 01 with any formatting (see NTCIP 1203).'),(46,6,'Message 02','[jl3][pt15o0]25[np]MPH','[jl3][pt15o0]25[np]MPH','The text to display on the sign for ID 02 with any formatting (see NTCIP 1203).'),(47,6,'Message 03','[jl3][pt15o0]SLOW[np]DOWN','[jl3][pt15o0]SLOW[np]DOWN','The text to display on the sign for ID 03 with any formatting (see NTCIP 1203).'),(48,6,'Message 04','[jl3][pt15o0]CRVE[np]AHED','[jl3][pt15o0]CRVE[np]AHED','The text to display on the sign for ID 04 with any formatting (see NTCIP 1203).'),(49,6,'Sign Sim IP Address','192.168.25.31','192.168.25.31','The IP address of the Sign Simulator that is the receipient of UDP messages.'),(50,6,'Sign Sim Port','9090','9090','The UDP port of the Sign Simulator that is the receipient of UDP messages.'),(51,7,'WebServiceIP','127.0.0.1','127.0.0.1','Server IP address for V2X hub to receive BSM'),(52,7,'WebServicePort','44444','44444','Server port for V2X hub to receive BSM'),(53,7,'RSUIp','192.168.XX.XX','192.168.XX.XX','An IP address of the RSU the V2X hub is connected to.'),(54,7,'RSUName','WestIntersectionRSU','WestIntersectionRSU','A short description for the RSU the V2X hub is connected to.'),(55,7,'SNMPPort','161','161','The SNMP port for sending message or command.'),(56,7,'AuthPassPhrase','dummy','dummy','SNMP v3 authentication passphrase'),(57,7,'SecurityUser','authOnlyUser','authOnlyUser','SNMP Security Name'),(58,7,'GPSOID','1.0.15628.4.1.8.5.0','1.0.15628.4.1.8.5.0','OID (Object Identifier) uniquely identify managed objects in a MIB database.'),(59,7,'LogLevel','INFO','INFO','The log level for this plugin'),(60,8,'LogLevel','ERROR','INFO','The log level for this plugin'),(72,9,'Frequency','500','500','Rate to send Location Message in milliseconds'),(73,9,'LatchHeadingSpeed','2.5','2.5','Speed at which the heading parameter should be latched, in mph.  Set to 0 to disable latching.'),(74,9,'GPSSource','localhost','localhost','Host where the GPSd is running'),(75,9,'SendRawNMEA','true','true','Route the raw NMEA strings from GPSd through TMX'),(76,10,'Frequency','1000','1000','The frequency to send the MAP message in milliseconds.'),(77,10,'LogLevel','DEBUG','INFO','Map Plugin Log Level controls which log statements are printed to the terminal.'),(78,10,'MAP_Files','{ \"MapFiles\": [ {\"Action\":0, \"FilePath\":\"/var/www/plugins/MAP/Town05_intersection_uper.txt\"}] }','{ \"MapFiles\": [ {\"Action\":0, \"FilePath\":\"/var/www/plugins/MAP/MAP_9709_UPER.txt\"}] }','JSON data defining a list of map files. One map file for each action set specified by the TSC.'),(79,11,'File Size In MB','100','100','Maximum size of the log file in MB.'),(80,11,'Filename','logTx','logTx','Default name of the log file.'),(81,11,'File Location','/var/log/tmx','/var/log/tmx','The location where the log files are stored. DO NOT edit while using docker deployment of V2X-Hub!'),(82,12,'LogLevel','INFO','INFO','The log level for this plugin'),(83,12,'messageid','0012,0013,0014,001D,00F0,00F1,00F2,00F3,00F4,00F5,00F6,00F7','0012,0013,0014,001D,00F0,00F1,00F2,00F3,00F4,00F5,00F6,00F7','Comma separated list of SAE J2735 message ID values.'),(84,12,'IP','172.2.0.8','127.0.0.1','IP address for the incoming message network connection.'),(85,12,'Port','8765','26789','Port for the incoming message network connection.'),(87,12,'EnableSimulatedBSM','true','true','Accept and route incoming BSM messages from a V2X Hub simulator.'),(88,12,'EnableSimulatedSRM','true','true','Accept and route incoming SRM messages from a V2X Hub simulator.'),(89,12,'EnableSimulatedLocation','true','true','Accept and route incoming GPS location messages from a V2X Hub simulator.'),(90,12,'EnableVerification','0','0','If enabled, security HSM features are enabled and MessageReceiver Plugin will try to verify incoming message.'),(91,12,'HSMurl','http://<SoftHSM IP>:3000/v1/scms/','http://<SoftHSM IP>:3000/v1/scms/','REST API endpoint url needed to make HSM calls'),(92,13,'instance','1','1','Instance of the application'),(93,13,'schedule_frequency','1','1','Sample of incoming messages to forward (1 = forward every message)'),(94,13,'ForwardMSG','1','1','Enable forwarding of messages'),(95,13,'BSMKafkaTopic','topic.OdeRawEncodedBSMJson','topic.OdeRawEncodedBSMJson','(Cond: ForwardMSG == True) Topic to use for forwarding BSM'),(96,13,'SPaTKafkaTopic','topic.OdeRawEncodedSPATJson','topic.OdeRawEncodedSPATJson','(Cond: ForwardMSG == True) Topic to use for forwarding SPaT'),(97,13,'KafkaBrokerIp','172.31.55.238','172.31.55.238','IP address to be used for KAFKA broker'),(98,13,'KafkaBrokerPort','9092','9092','Port number to be used for KAFKA broker'),(99,14,'Frequency','1000','1000','The frequency to send the PSM in milliseconds.'),(100,14,'Instance','0','0','The instance of Pedestrian plugin.'),(101,14,'WebServiceIP','127.0.0.1','127.0.0.1','IP address at which the web service exists'),(102,14,'WebServicePort','9000','9000','Port at which Web service exists'),(103,14,'DataProvider','FLIR','FLIR','Possible data providers we handle - FLIR (websocket) or PSM (REST request)'),(104,14,'WebSocketHost','192.168.55.183','192.168.55.183','IP address of the camera to connect to for data'),(105,14,'WebSocketPort','80','80','Extension/port for FLIR camera subscription'),(106,14,'HostString','/api/subscriptions','/api/subscriptions','Host HTTP header during the WebSocket handshake'),(107,14,'FLIRCameraRotation','16.13','16.13','Measured camera rotation from true north (in degrees) used for heading conversion'),(108,14,'LogLevel','INFO','INFO','The log level for this plugin'),(109,15,'Database_IP','127.0.0.1','127.0.0.1','IP address of database'),(110,15,'Database_Port','3306','3306','Port of database'),(111,15,'Database_Username','root','root','Username for database'),(112,15,'Database_Password','ivp','ivp','Password for database'),(113,15,'Database_Name','PORT_DRAYAGE','PORT_DRAYAGE','Name of database.'),(114,15,'LogLevel','INFO','INFO','The log level for this plugin'),(115,15,'Webservice_Host','127.0.0.1','127.0.0.1','PortDrayage Webservice Host Address'),(116,15,'Webservice_Port','8090','8090','PortDrayage WebService Port'),(117,15,'Webservice_Secure','false','false','Boolean flag set to true for HTTPS communication'),(118,15,'Webservice_Polling_Frequency','5','5','Polling Frequency for PortDrayage Webservice action status in seconds'),(119,15,'Holding_Lat','45.45','45.45','Latitude Coordinate for Holding Area GPS Location in Degrees(-90,90).'),(120,15,'Holding_Lon','-45.45','-45.45','Longitude Coordinate for Holding Area GPS Location in Degrees(-180,180).'),(121,16,'Instance','0','0','The instance of Preemption plugin.'),(122,16,'BasePreemptionOid','.1.3.6.1.4.1.1206.4.2.1.6.3.1.2.','.1.3.6.1.4.1.1206.4.2.1.6.3.1.2.','The BasePreemptionOid of Preemption plugin.'),(123,16,'ipwithport','<ip for signal controller>:<port used for signal controller>','<ip for signal controller>:<port used for signal controller>','The ipwithport of Preemption plugin.'),(124,16,'snmp_community','public','public','The snmp_community of Preemption plugin.'),(125,16,'map_path','/geo.json','/geo.json','The map_path for Preemption plugin.'),(126,16,'allowedList','{\"validVehicles\":[\"292710445\",\"123456789\",\"2345678\"]}','{\"validVehicles\":[\"292710445\",\"123456789\",\"2345678\"]}','List of vehicles BSM id that are allowed'),(127,17,'Endpoint IP','156.63.133.118','156.63.133.118','NTRIP caster endpoint IP address'),(128,17,'Endpoint Port','2101','2101','NTRIP caster endpoint port'),(129,17,'Username','username','username','NTRIP caster authentication username'),(130,17,'Password','password','password','NTRIP caster authentication password'),(131,17,'Mountpoint','ODOT_RTCM23','ODOT_RTCM23','NTRIP caster mountpoint'),(132,17,'RTCM Version','Unknown','Unknown','Specify the expected RTCM message version (2.3 or 3.3) coming from the caster.  Use Unknown to auto detect the version, which is done using trial and error, thus may be slow.'),(133,17,'Route RTCM','false','false','Route the RTCM messages created from NTRIP internally for use by other plugins.'),(134,18,'Intersection_Id','0','1','The intersection id for SPAT generated by this plugin (Note Only used in SPAT MODE = BINARY).'),(135,18,'Intersection_Name','Intersection','Intersection','The intersection name for SPAT generated by this plugin (Note Only used in SPAT MODE = BINARY).'),(136,18,'SignalGroupMapping','{\"SignalGroups\":[{\"SignalGroupId\":1,\"Phase\":1,\"Type\":\"vehicle\"},{\"SignalGroupId\":2,\"Phase\":2,\"Type\":\"vehicle\"},{\"SignalGroupId\":3,\"Phase\":3,\"Type\":\"vehicle\"},{\"SignalGroupId\":4,\"Phase\":4,\"Type\":\"vehicle\"},{\"SignalGroupId\":5,\"Phase\":5,\"Type\":\"vehicle\"},{\"SignalGroupId\":6,\"Phase\":6,\"Type\":\"vehicle\"},{\"SignalGroupId\":7,\"Phase\":7,\"Type\":\"vehicle\"},{\"SignalGroupId\":8,\"Phase\":8,\"Type\":\"vehicle\"},{\"SignalGroupId\":22,\"Phase\":2,\"Type\":\"pedestrian\"},{\"SignalGroupId\":24,\"Phase\":4,\"Type\":\"pedestrian\"},{\"SignalGroupId\":26,\"Phase\":6,\"Type\":\"pedestrian\"},{\"SignalGroupId\":28,\"Phase\":8,\"Type\":\"pedestrian\"}]}','{\"SignalGroups\":[{\"SignalGroupId\":1,\"Phase\":1,\"Type\":\"vehicle\"},{\"SignalGroupId\":2,\"Phase\":2,\"Type\":\"vehicle\"},{\"SignalGroupId\":3,\"Phase\":3,\"Type\":\"vehicle\"},{\"SignalGroupId\":4,\"Phase\":4,\"Type\":\"vehicle\"},{\"SignalGroupId\":5,\"Phase\":5,\"Type\":\"vehicle\"},{\"SignalGroupId\":6,\"Phase\":6,\"Type\":\"vehicle\"},{\"SignalGroupId\":7,\"Phase\":7,\"Type\":\"vehicle\"},{\"SignalGroupId\":8,\"Phase\":8,\"Type\":\"vehicle\"},{\"SignalGroupId\":22,\"Phase\":2,\"Type\":\"pedestrian\"},{\"SignalGroupId\":24,\"Phase\":4,\"Type\":\"pedestrian\"},{\"SignalGroupId\":26,\"Phase\":6,\"Type\":\"pedestrian\"},{\"SignalGroupId\":28,\"Phase\":8,\"Type\":\"pedestrian\"}]}','JSON data defining a list of SignalGroups and phases (Note Only used in SPAT MODE = BINARY).'),(137,18,'Local_IP','172.4.0.2','127.0.0.1','The IPv4 address of the local computer for receiving Traffic Signal Controller Broadcast Messages.'),(138,18,'Local_UDP_Port','6053','6053','The local UDP port for reception of Traffic Signal Controller Broadcast Messages from the TSC.'),(139,18,'TSC_IP','172.4.0.4','127.0.0.1','The IPv4 address of the destination Traffic Signal Controller (TSC).'),(141,18,'LogLevel','DEBUG','INFO','SPAT Plugin Log Level controls which log statements are printed to the terminal.'),(142,19,'Frequency','1000','1000','The frequency to send the TIM in milliseconds.'),(143,19,'MapFile','/var/www/plugins/MAP/IVP_GF_TIM.xml','/var/www/plugins/MAP/IVP_GF_TIM.xml',''),(144,19,'Start_Broadcast_Date','01-01-2019','01-01-2019','The Start Broadcast Date for the TIM message in the (mm-dd-YYYY) format.'),(145,19,'Stop_Broadcast_Date','12-31-2020','12-31-2020','The Stop Broadcast Date for the TIM message in the (mm-dd-YYYY) format.'),(146,19,'Start_Broadcast_Time','06:00:00','06:00:00','The Start Broadcast Time for the TIM message in the (HH:MM:SS) format.'),(147,19,'Stop_Broadcast_Time','21:00:00','21:00:00','The Start Broadcast Time for the TIM message in the (HH:MM:SS) format.'),(148,19,'WebServiceIP','127.0.0.1','127.0.0.1','IP address at which the web service exists'),(149,19,'WebServicePort','10000','10000','Port at which Web service exists'),(150,20,'Startup Delay (ms)','10000','10000','Delay in milliseconds before starting any plugins.'),(151,20,'Monitor Check Interval (ms)','5000','5000','Delay in milliseconds between monitor checks.'),(152,20,'Max Startup Time (ms)','15000','15000','Maximum allowed startup time of a plugin before it is rebooted.'),(153,21,'Database Refresh Interval (ms)','2000','2000','The interval (in milliseconds) between uploads of message statistics to the database.'),(154,21,'Message Averaging Window (ms)','20000','20000','The averaging window (in milliseconds) that the profiler measures average interval.'),(155,22,'Purge Intervals (sec)','120','120','Interval between purges of history items'),(156,22,'Max Event Log Size','2000','2000','Maximum number of event log entries to keep.  A value of zero will result in no purging of event log entries'),(157,2,'SRMTopic','v2xhub_srm_in','v2xhub_srm_in','Apache Kafka topic plugin will transmit message to.'),(158,19,'LogLevel','DEBUG','DEBUG','TIM Plugin Log Level controls which log statements are printed to the terminal.'),(159,3,'X','321','0.0','Cartesian X coordinate in simulated map (in meters).'),(160,3,'Y','198','0.0','Cartesian Y coordinate in simulated map (in meters).'),(161,3,'Z','0.0','0.0','Cartesian Z coordinate in simulated map (in meters).'),(162,1,'CARMACloudIP','http://127.0.0.1','http://127.0.0.1','Server IP address of carma-cloud'),(163,1,'CARMACloudPort','33333','33333','Server Port for V2X hub to send TCR messages to carma-cloud'),(164,2,'SsmTopic','v2xhub_ssm_sub','v2xhub_ssm_sub','Apache Kafka topic plugin will transmit message to.'),(165,2,'SimSensorDetectedObjTopic','v2xhub_sim_sensor_detected_object','v2xhub_sim_sensor_detected_object','Apache Kafka topic plugin will transmit simulated sensor detected object to.'),(166,2,'SdsmSubscribeTopic','v2xhub_sdsm_sub','v2xhub_sdsm_sub','Apache Kafka topic plugin that will subscribe to SDSM streams.'),(167,2,'SdsmTransmitTopic','v2xhub_sdsm_tra','v2xhub_sdsm_tra','Apache Kafka topic plugin that will transmit SDSMs.'),(168,3,'MaxConnectionAttempts','10','10','Number of connection attempts CDASimAdapter plugin will execute before failing. Valid values are any integers greater than or equal to 1. Any value less than 1 will result in unlimited connection attemtps.'),(169,3,'ConnectionSleepTime','4','4','Number of seconds to wait after a failed CDASim connection attempt, before retrying to establish connection. Valid values are equal or greater than 1. Any value less than 1 will be treated as 1.'),(170,8,'ImmediateForwardConfigurations','[{\"name\": \"East Intersection Cohda\", \"rsuSpec\": \"RSU4.1\",\"address\": \"172.2.0.8\",\"port\": 5678,\"txMode\": \"CONT\",\"signMessages\": false,\"messages\": [{ \"tmxType\": \"SPAT-P\", \"sendType\": \"SPAT\", \"psid\": \"0x8002\", \"channel\": 183 },{ \"tmxType\": \"MAP-P\", \"sendType\": \"MAP\", \"psid\": \"0x8002\", \"channel\": 183 },{ \"tmxType\": \"PSM-P\", \"sendType\": \"PSM\", \"psid\": \"0x27\", \"channel\": 183 }, { \"tmxType\": \"TIM\", \"sendType\": \"TIM\", \"psid\": \"0x8003\", \"channel\": 183 },{ \"tmxType\": \"TMSG07-P\", \"sendType\": \"TMSG07\", \"psid\": \"0x8002\", \"channel\": 183 },{ \"tmxType\": \"TMSG03-P\", \"sendType\": \"TMSG03\", \"psid\": \"0xBFEE\", \"channel\": 183 },{ \"tmxType\": \"TMSG05-P\", \"sendType\": \"TMSG05\", \"psid\": \"0x8003\", \"channel\": 183 },{ \"tmxType\": \"SSM-P\", \"sendType\": \"SSM\", \"psid\": \"0x8002\", \"channel\": 183 },{ \"tmxType\": \"SDSM\", \"sendType\": \"SDSM\", \"psid\": \"0x8010\", \"channel\": 183 }]}]','[{\"name\": \"East Intersection Cohda\", \"rsuSpec\": \"RSU4.1\",\"address\": \"127.0.0.1\",\"port\": 1516,\"txMode\": \"CONT\",\"signMessages\": false,\"messages\": [{ \"tmxType\": \"SPAT-P\", \"sendType\": \"SPAT\", \"psid\": \"0x8002\", \"channel\": 183 },{ \"tmxType\": \"MAP-P\", \"sendType\": \"MAP\", \"psid\": \"0x8002\", \"channel\": 183 },{ \"tmxType\": \"PSM-P\", \"sendType\": \"PSM\", \"psid\": \"0x27\", \"channel\": 183 }, { \"tmxType\": \"TIM\", \"sendType\": \"TIM\", \"psid\": \"0x8003\", \"channel\": 183 },{ \"tmxType\": \"TMSG07-P\", \"sendType\": \"TMSG07\", \"psid\": \"0x8002\", \"channel\": 183 },{ \"tmxType\": \"TMSG03-P\", \"sendType\": \"TMSG03\", \"psid\": \"0xBFEE\", \"channel\": 183 },{ \"tmxType\": \"TMSG05-P\", \"sendType\": \"TMSG05\", \"psid\": \"0x8003\", \"channel\": 183 },{ \"tmxType\": \"SSM-P\", \"sendType\": \"SSM\", \"psid\": \"0x8002\", \"channel\": 183 },{ \"tmxType\": \"SDSM\", \"sendType\": \"SDSM\", \"psid\": \"0x8010\", \"channel\": 183 }]}]','JSON data defining the message types, PSIDs, and channel number for messages forwarded to the V2X radios. This can include as many independent radio connection configurations as necessary in an array.'),(171,23,'LogLevel','INFO','INFO','The log level for this plugin'),(172,23,'DetectionReceiverIP','127.0.0.1','127.0.0.1','IP Address V2X-Hub listens for incoming detections'),(173,23,'DetectionReceiverPort','4545','4545','Port V2X-Hub listens for incoming detections'),(174,23,'SensorId','MUSTSensor1','MUSTSensor1','Unique Idenifier for Sensor'),(175,23,'ProjectionString','+proj=tmerc +lat_0=0 +lon_0=0 +k=1 +x_0=0 +y_0=0 +datum=WGS84 +units=m +geoidgrids=egm96_15.gtx +vunits=m +no_defs','+proj=tmerc +lat_0=0 +lon_0=0 +k=1 +x_0=0 +y_0=0 +datum=WGS84 +units=m +geoidgrids=egm96_15.gtx +vunits=m +no_defs','Projection string for projecting cartesian detection data into WSG84 coordinates.'),(176,23,'DetectionPositionVariance','0.0625','0.0625','Variance of the reported positon data coming from the sensor. Value is used for cooperative perception messages that enable sensor fusion like the SDMS.'),(177,23,'DetectionVelocityVariance','0.0625','0.0625','Variance of the reported velocity data coming from the sensor. Value is used for cooperative perception messages that enable sensor fusion like the SDMS.'),(178,11,'LogLevel','INFO','INFO','The log level for this plugin.'),(179,12,'RouteJ2735','false','false','Set the flag to route/broadcast a received J2735 message to TMX Core.'),(180,13,'LogLevel','INFO','INFO','The log level for this plugin'),(181,13,'CommunicationMode','UDP','UDP','Communication mode to be used for UDP socket connection. Modes: Kafka or UDP'),(182,13,'UDPServerIpAddress','127.0.0.1','127.0.0.1','IP address to be used for UDP socket connection.'),(183,13,'TIMUDPPort','47900','47900','Port number to be used for sending TIM message via UDP socket.'),(184,13,'BSMUDPPort','46800','46800','Port number to be used for sending BSM message via UDP socket.'),(185,13,'MAPUDPPort','44920','44920','Port number to be used for sending MAP message via UDP socket.'),(186,13,'SPATUDPPort','44910','44910','Port number to be used for sending SPAT message via UDP socket.'),(187,14,'FLIROutput','PSM, SDSM, TIM','PSM, SDSM, TIM','List containing messages to be generated. Possible options: PSM, SDSM, and/or TIM. Only used when \"FLIR\" is the selected DataProvider.'),(188,14,'FLIRConfigurations','[{\"WebSocketHost\": \"127.0.0.1\",\"WebSocketPort\": \"8081\",\"HostString\": \"/api/subscriptions\",\"FLIRCameraRotation\": 16.13, \"FLIRCameraViewName\": \"region-1\"},{\"WebSocketHost\": \"127.0.0.1\",\"WebSocketPort\": \"8082\",\"HostString\": \"/api/subscriptions\",\"FLIRCameraRotation\": 11.13, \"FLIRCameraViewName\": \"region-2\"}]','[{\"WebSocketHost\": \"127.0.0.1\",\"WebSocketPort\": \"8081\",\"HostString\": \"/api/subscriptions\",\"FLIRCameraRotation\": 16.13, \"FLIRCameraViewName\": \"region-1\"},{\"WebSocketHost\": \"127.0.0.1\",\"WebSocketPort\": \"8082\",\"HostString\": \"/api/subscriptions\",\"FLIRCameraRotation\": 11.13, \"FLIRCameraViewName\": \"region-2\"}]','A list of dictionaries containing the configuration for each FLIR camera. Each dictionary should contain the following keys: WebSocketHost, WebSocketPort, HostString, FLIRCameraRotation, and FLIRCameraViewName. Only used when \"FLIR\" is the selected DataProvider.'),(189,14,'StaticTim','{\"TravelerInformation\":{\"msgCnt\":\"1\",\"timeStamp\":\"3960\",\"packetID\":\"8D442EF003FC6B1B01\",\"urlB\":\"null\",\"dataFrames\":{\"TravelerDataFrame\":{\"notUsed\":\"0\",\"frameType\":{\"advisory\":\"\"},\"msgId\":{\"roadSignID\":{\"position\":{\"lat\":\"389550358\",\"long\":\"-771495007\"},\"viewAngle\":\"1111111111111111\",\"mutcdCode\":{\"warning\":\"\"}}},\"startYear\":\"2025\",\"startTime\":\"3960\",\"durationTime\":\"32000\",\"priority\":\"5\",\"notUsed1\":\"0\",\"regions\":{\"GeographicalPath\":{\"name\":\"WesternPedestrianCrossing\",\"id\":{\"region\":\"0\",\"id\":\"0\"},\"anchor\":{\"lat\":\"389550358\",\"long\":\"-771495007\"},\"laneWidth\":\"600\",\"directionality\":{\"reverse\":\"\"},\"closedPath\":{\"false\":\"\"},\"direction\":\"0000000000111100\",\"description\":{\"path\":{\"scale\":\"0\",\"offset\":{\"ll\":{\"nodes\":{\"NodeLL\":{\"delta\":{\"node-LL1\":{\"lon\":\"1556\",\"lat\":\"-454\"}}},\"NodeLL\":{\"delta\":{\"node-LL1\":{\"lon\":\"1676\",\"lat\":\"-254\"}}},\"NodeLL\":{\"delta\":{\"node-LL2\":{\"lon\":\"5293\",\"lat\":\"-531\"}}}}}}}}},\"GeographicalPath\":{\"name\":\"NorthernPedestrianCrossing\",\"id\":{\"region\":\"0\",\"id\":\"0\"},\"anchor\":{\"lat\":\"389551020\",\"long\":\"-771492660\"},\"laneWidth\":\"600\",\"directionality\":{\"reverse\":\"\"},\"closedPath\":{\"false\":\"\"},\"direction\":\"1110000000000011\",\"description\":{\"path\":{\"scale\":\"0\",\"offset\":{\"ll\":{\"nodes\":{\"NodeLL\":{\"delta\":{\"node-LL1\":{\"lon\":\"-791\",\"lat\":\"-1103\"}}},\"NodeLL\":{\"delta\":{\"node-LL1\":{\"lon\":\"-610\",\"lat\":\"-876\"}}},\"NodeLL\":{\"delta\":{\"node-LL1\":{\"lon\":\"-3\",\"lat\":\"2\"}}},\"NodeLL\":{\"delta\":{\"node-LL1\":{\"lon\":\"-1149\",\"lat\":\"-1750\"}}},\"NodeLL\":{\"delta\":{\"node-LL1\":{\"lon\":\"-133\",\"lat\":\"-257\"}}},\"NodeLL\":{\"delta\":{\"node-LL1\":{\"lon\":\"-121\",\"lat\":\"-538\"}}},\"NodeLL\":{\"delta\":{\"node-LL1\":{\"lon\":\"25\",\"lat\":\"-360\"}}},\"NodeLL\":{\"delta\":{\"node-LL1\":{\"lon\":\"241\",\"lat\":\"-469\"}}},\"NodeLL\":{\"delta\":{\"node-LL1\":{\"lon\":\"260\",\"lat\":\"-232\"}}},\"NodeLL\":{\"delta\":{\"node-LL1\":{\"lon\":\"159\",\"lat\":\"-84\"}}}}}}}}},\"GeographicalPath\":{\"name\":\"SouthernPedestrianCrossing\",\"id\":{\"region\":\"0\",\"id\":\"0\"},\"anchor\":{\"lat\":\"389549055\",\"long\":\"-771494061\"},\"laneWidth\":\"600\",\"directionality\":{\"reverse\":\"\"},\"closedPath\":{\"false\":\"\"},\"direction\":\"0000001111000000\",\"description\":{\"path\":{\"scale\":\"0\",\"offset\":{\"ll\":{\"nodes\":{\"NodeLL\":{\"delta\":{\"node-LL1\":{\"lon\":\"602\",\"lat\":\"849\"}}},\"NodeLL\":{\"delta\":{\"node-LL1\":{\"lon\":\"834\",\"lat\":\"1109\"}}},\"NodeLL\":{\"delta\":{\"node-LL1\":{\"lon\":\"353\",\"lat\":\"584\"}}},\"NodeLL\":{\"delta\":{\"node-LL2\":{\"lon\":\"1646\",\"lat\":\"3238\"}}}}}}}}},\"GeographicalPath\":{\"name\":\"EasternPedestrianCrossing\",\"id\":{\"region\":\"0\",\"id\":\"0\"},\"anchor\":{\"lat\":\"389549656\",\"long\":\"-771491766\"},\"laneWidth\":\"600\",\"directionality\":{\"reverse\":\"\"},\"closedPath\":{\"false\":\"\"},\"direction\":\"0011110000000000\",\"description\":{\"path\":{\"scale\":\"0\",\"offset\":{\"ll\":{\"nodes\":{\"NodeLL\":{\"delta\":{\"node-LL1\":{\"lon\":\"-1693\",\"lat\":\"241\"}}},\"NodeLL\":{\"delta\":{\"node-LL2\":{\"lon\":\"-4063\",\"lat\":\"1160\"}}},\"NodeLL\":{\"delta\":{\"node-LL2\":{\"lon\":\"-2311\",\"lat\":\"981\"}}}}}}}}}},\"notUsed2\":\"0\",\"notUsed3\":\"0\",\"content\":{\"advisory\":{\"SEQUENCE\":{\"item\":{\"itis\":\"9486\"}},\"SEQUENCE\":{\"item\":{\"itis\":\"13585\"}}}},\"url\":\"null\"}}}}','{\"TravelerInformation\":{\"msgCnt\":\"1\",\"timeStamp\":\"3960\",\"packetID\":\"8D442EF003FC6B1B01\",\"urlB\":\"null\",\"dataFrames\":{\"TravelerDataFrame\":{\"notUsed\":\"0\",\"frameType\":{\"advisory\":\"\"},\"msgId\":{\"roadSignID\":{\"position\":{\"lat\":\"389550358\",\"long\":\"-771495007\"},\"viewAngle\":\"1111111111111111\",\"mutcdCode\":{\"warning\":\"\"}}},\"startYear\":\"2025\",\"startTime\":\"3960\",\"durationTime\":\"32000\",\"priority\":\"5\",\"notUsed1\":\"0\",\"regions\":{\"GeographicalPath\":{\"name\":\"WesternPedestrianCrossing\",\"id\":{\"region\":\"0\",\"id\":\"0\"},\"anchor\":{\"lat\":\"389550358\",\"long\":\"-771495007\"},\"laneWidth\":\"600\",\"directionality\":{\"reverse\":\"\"},\"closedPath\":{\"false\":\"\"},\"direction\":\"0000000000111100\",\"description\":{\"path\":{\"scale\":\"0\",\"offset\":{\"ll\":{\"nodes\":{\"NodeLL\":{\"delta\":{\"node-LL1\":{\"lon\":\"1556\",\"lat\":\"-454\"}}},\"NodeLL\":{\"delta\":{\"node-LL1\":{\"lon\":\"1676\",\"lat\":\"-254\"}}},\"NodeLL\":{\"delta\":{\"node-LL2\":{\"lon\":\"5293\",\"lat\":\"-531\"}}}}}}}}},\"GeographicalPath\":{\"name\":\"NorthernPedestrianCrossing\",\"id\":{\"region\":\"0\",\"id\":\"0\"},\"anchor\":{\"lat\":\"389551020\",\"long\":\"-771492660\"},\"laneWidth\":\"600\",\"directionality\":{\"reverse\":\"\"},\"closedPath\":{\"false\":\"\"},\"direction\":\"1110000000000011\",\"description\":{\"path\":{\"scale\":\"0\",\"offset\":{\"ll\":{\"nodes\":{\"NodeLL\":{\"delta\":{\"node-LL1\":{\"lon\":\"-791\",\"lat\":\"-1103\"}}},\"NodeLL\":{\"delta\":{\"node-LL1\":{\"lon\":\"-610\",\"lat\":\"-876\"}}},\"NodeLL\":{\"delta\":{\"node-LL1\":{\"lon\":\"-3\",\"lat\":\"2\"}}},\"NodeLL\":{\"delta\":{\"node-LL1\":{\"lon\":\"-1149\",\"lat\":\"-1750\"}}},\"NodeLL\":{\"delta\":{\"node-LL1\":{\"lon\":\"-133\",\"lat\":\"-257\"}}},\"NodeLL\":{\"delta\":{\"node-LL1\":{\"lon\":\"-121\",\"lat\":\"-538\"}}},\"NodeLL\":{\"delta\":{\"node-LL1\":{\"lon\":\"25\",\"lat\":\"-360\"}}},\"NodeLL\":{\"delta\":{\"node-LL1\":{\"lon\":\"241\",\"lat\":\"-469\"}}},\"NodeLL\":{\"delta\":{\"node-LL1\":{\"lon\":\"260\",\"lat\":\"-232\"}}},\"NodeLL\":{\"delta\":{\"node-LL1\":{\"lon\":\"159\",\"lat\":\"-84\"}}}}}}}}},\"GeographicalPath\":{\"name\":\"SouthernPedestrianCrossing\",\"id\":{\"region\":\"0\",\"id\":\"0\"},\"anchor\":{\"lat\":\"389549055\",\"long\":\"-771494061\"},\"laneWidth\":\"600\",\"directionality\":{\"reverse\":\"\"},\"closedPath\":{\"false\":\"\"},\"direction\":\"0000001111000000\",\"description\":{\"path\":{\"scale\":\"0\",\"offset\":{\"ll\":{\"nodes\":{\"NodeLL\":{\"delta\":{\"node-LL1\":{\"lon\":\"602\",\"lat\":\"849\"}}},\"NodeLL\":{\"delta\":{\"node-LL1\":{\"lon\":\"834\",\"lat\":\"1109\"}}},\"NodeLL\":{\"delta\":{\"node-LL1\":{\"lon\":\"353\",\"lat\":\"584\"}}},\"NodeLL\":{\"delta\":{\"node-LL2\":{\"lon\":\"1646\",\"lat\":\"3238\"}}}}}}}}},\"GeographicalPath\":{\"name\":\"EasternPedestrianCrossing\",\"id\":{\"region\":\"0\",\"id\":\"0\"},\"anchor\":{\"lat\":\"389549656\",\"long\":\"-771491766\"},\"laneWidth\":\"600\",\"directionality\":{\"reverse\":\"\"},\"closedPath\":{\"false\":\"\"},\"direction\":\"0011110000000000\",\"description\":{\"path\":{\"scale\":\"0\",\"offset\":{\"ll\":{\"nodes\":{\"NodeLL\":{\"delta\":{\"node-LL1\":{\"lon\":\"-1693\",\"lat\":\"241\"}}},\"NodeLL\":{\"delta\":{\"node-LL2\":{\"lon\":\"-4063\",\"lat\":\"1160\"}}},\"NodeLL\":{\"delta\":{\"node-LL2\":{\"lon\":\"-2311\",\"lat\":\"981\"}}}}}}}}}},\"notUsed2\":\"0\",\"notUsed3\":\"0\",\"content\":{\"advisory\":{\"SEQUENCE\":{\"item\":{\"itis\":\"9486\"}},\"SEQUENCE\":{\"item\":{\"itis\":\"13585\"}}}},\"url\":\"null\"}}}}','Static Tim message to be broadcasted.'),(190,14,'StaticTimFrequency','1','1','Broadcast TIM message at 1HZ by default.'),(191,24,'LogLevel','INFO','INFO','The log level for this plugin'),(192,24,'Interval','1','1','Sending RSU SNMP GET request at every configured interval. Default every 1 second. Unit of measure: second.'),(193,24,'RSUConfigurationList','{ \"RSUS\": [ { \"RSUIp\": \"192.168.55.20\", \"SNMPPort\": \"161\", \"SecurityLevel\":\"authPriv\", \"AuthProtocol\": \"SHA-512\", \"AuthPassPhrase\": \"dummy123\", \"PrivacyProtocol\": \"AES-256\", \"PrivacyPassPhrase\": \"dummy123\", \"User\": \"authOnlyUser\", \"RSUMIBVersion\": \"NTCIP1218\" }] }','{ \"RSUS\": [ { \"RSUIp\": \"192.168.55.20\", \"SNMPPort\": \"161\", \"SecurityLevel\":\"authPriv\", \"AuthProtocol\": \"SHA-512\", \"AuthPassPhrase\": \"dummy123\", \"PrivacyProtocol\": \"AES-256\", \"PrivacyPassPhrase\": \"dummy123\", \"User\": \"authOnlyUser\", \"RSUMIBVersion\": \"NTCIP1218\" }] }','Configurations of the RSUs the V2X hub is connected to.'),(194,18,'TSC_SNMP_Port','5051','5050','The destination port on the Traffic Signal Controller (TSC) for SNMP NTCIP 1202 communication.'),(195,18,'TSC_SNMP_Community','administrator','public','The SNMP Community used for sending SNMP NTCIP 1202 communication to Traffic Signal Controller (TSC). Please refer TSC vendor documentation for SNMP Community.'),(196,18,'SPAT_Mode','BINARY','BINARY','The format of received SPAT from Traffic Signal Controller (TSC). Acceptance values are BINARY and J2735_HEX.'),(197,25,'LogLevel','INFO','INFO','The log level for this plugin'),(198,25,'NATSUrl','nats://127.0.0.1:4222','nats://127.0.0.1:4222','The NATS connection URL'),(199,25,'MessageExclusionList','System_KeepAlive_CommandPlugin,System_KeepAlive_CARMAStreetsPlugin,System_KeepAlive_CDASimAdapter,System_KeepAlive_MessageReceiver','System_KeepAlive_CommandPlugin,System_KeepAlive_CARMAStreetsPlugin,System_KeepAlive_CDASimAdapter,System_KeepAlive_MessageReceiver','The list of messages are excluded from the available message list. Message name is a combination of message type, subtype and source separated by underscore. E.G: type_subtype_source');
/*!40000 ALTER TABLE `pluginConfigurationParameter` ENABLE KEYS */;
UNLOCK TABLES;

--
-- Table structure for table `pluginMessageMap`
--

DROP TABLE IF EXISTS `pluginMessageMap`;
/*!40101 SET @saved_cs_client     = @@character_set_client */;
/*!50503 SET character_set_client = utf8mb4 */;
CREATE TABLE `pluginMessageMap` (
  `id` int(10) unsigned NOT NULL AUTO_INCREMENT COMMENT 'Primary key',
  `pluginId` int(10) unsigned NOT NULL COMMENT 'Foreign key into the plugin table',
  `messageTypeId` int(10) unsigned NOT NULL COMMENT 'Foreign key into the messageType table.',
  PRIMARY KEY (`id`),
  UNIQUE KEY `pluginId` (`pluginId`,`messageTypeId`),
  KEY `pluginId_2` (`pluginId`),
  KEY `messageTypeId` (`messageTypeId`),
  CONSTRAINT `pluginMessageMap_ibfk_1` FOREIGN KEY (`pluginId`) REFERENCES `plugin` (`id`) ON DELETE CASCADE ON UPDATE CASCADE,
  CONSTRAINT `pluginMessageMap_ibfk_2` FOREIGN KEY (`messageTypeId`) REFERENCES `messageType` (`id`) ON DELETE CASCADE ON UPDATE CASCADE
) ENGINE=InnoDB AUTO_INCREMENT=10580 DEFAULT CHARSET=latin1 COMMENT='This table identifies the types of messages generated by each plugin.';
/*!40101 SET character_set_client = @saved_cs_client */;

--
-- Dumping data for table `pluginMessageMap`
--

LOCK TABLES `pluginMessageMap` WRITE;
/*!40000 ALTER TABLE `pluginMessageMap` DISABLE KEYS */;
INSERT INTO `pluginMessageMap` VALUES (2522,2,1),(2524,2,12),(2576,2,15),(2523,2,45),(2520,2,79),(2521,2,80),(2525,2,84),(2583,2,105),(2584,2,106),(1,3,15),(298,3,30),(2,4,15),(377,8,15),(428,10,15),(407,10,30),(406,10,45),(1344,12,1),(233,12,15),(1800,12,62),(2799,12,80),(8571,12,136),(2828,18,15),(2785,18,84);
/*!40000 ALTER TABLE `pluginMessageMap` ENABLE KEYS */;
UNLOCK TABLES;

--
-- Table structure for table `pluginStatus`
--

DROP TABLE IF EXISTS `pluginStatus`;
/*!40101 SET @saved_cs_client     = @@character_set_client */;
/*!50503 SET character_set_client = utf8mb4 */;
CREATE TABLE `pluginStatus` (
  `id` int(10) unsigned NOT NULL AUTO_INCREMENT,
  `pluginId` int(10) unsigned NOT NULL,
  `key` varchar(100) NOT NULL,
  `value` text NOT NULL,
  PRIMARY KEY (`id`),
  UNIQUE KEY `UQ_pluginId_key` (`pluginId`,`key`),
  KEY `pluginId` (`pluginId`),
  CONSTRAINT `pluginStatus_ibfk_2` FOREIGN KEY (`pluginId`) REFERENCES `plugin` (`id`) ON DELETE CASCADE ON UPDATE CASCADE
) ENGINE=InnoDB AUTO_INCREMENT=86927 DEFAULT CHARSET=latin1;
/*!40101 SET character_set_client = @saved_cs_client */;

--
-- Dumping data for table `pluginStatus`
--

LOCK TABLES `pluginStatus` WRITE;
/*!40000 ALTER TABLE `pluginStatus` DISABLE KEYS */;
INSERT INTO `pluginStatus` VALUES (1,20,'','Running'),(2,20,'Number of Active Plugins','7'),(4,21,'','Running'),(5,22,'','Running'),(7,3,'','Running'),(8,4,'','Running'),(13,4,'Start Time','2025-03-13 16:48:05.696'),(72,12,'','Running'),(103,8,'','Running'),(116,10,'','Running'),(10193,12,'Start Time','2025-03-13 16:48:06.139'),(10194,12,'Message Skipped (Signature Verification Error Response)','0'),(10199,12,'Total KBytes Received','328.84'),(10200,12,'Avg BSM Message Interval (ms)','280.69'),(10202,12,'Total BSM Messages Received','1166'),(10239,12,'Avg TMSG04-P Message Interval (ms)','8391.87'),(10240,12,'Total TMSG04-P Messages Received','39'),(10900,2,'','Running'),(10903,2,'Start Time','2025-03-13 16:48:05.430'),(10949,18,'','Running'),(10975,12,'Avg TMSG02-P Message Interval (ms)','328.93'),(10976,12,'Total TMSG02-P Messages Received','995'),(25454,12,'Avg Unknown/Unknown Message Interval (ms)','179.21'),(25455,12,'Total Unknown/Unknown Messages Received','3191'),(30837,8,'Messages Skipped (No DSRC metadata)','0'),(30838,8,'Messages Skipped (No route)','0'),(30839,8,'Messages Skipped (Invalid UDP Client)','0'),(30840,8,'Message Skipped (Signature Error Response)','0'),(30841,8,'Start Time','2025-03-13 16:48:05.816'),(30843,8,'SPAT-P','2240'),(30873,8,'MAP-P','225'),(30892,2,'Simulation Time Step ','1970-01-01 00:03:49.900'),(34000,10,'Start Time','2025-03-13 16:48:05.988'),(34001,10,'Simulation Mode ','ON'),(34004,10,'Simulation Time Step ','1970-01-01 00:03:49.900'),(62130,3,'Start Time','2025-03-13 16:48:05.563'),(78851,18,'Start Time','2025-03-13 16:48:06.290'),(78854,18,'Simulation Mode ','ON'),(78857,18,'Connection Status','CONNECTED'),(78862,18,'Simulation Time Step ','1970-01-01 00:03:49.900');
/*!40000 ALTER TABLE `pluginStatus` ENABLE KEYS */;
UNLOCK TABLES;

--
-- Table structure for table `systemConfigurationParameter`
--

DROP TABLE IF EXISTS `systemConfigurationParameter`;
/*!40101 SET @saved_cs_client     = @@character_set_client */;
/*!50503 SET character_set_client = utf8mb4 */;
CREATE TABLE `systemConfigurationParameter` (
  `id` int(10) unsigned NOT NULL AUTO_INCREMENT COMMENT 'Primary key',
  `key` varchar(255) NOT NULL COMMENT 'The name of a configuration parameter.',
  `value` text NOT NULL COMMENT 'The value of a configuration parameter',
  `defaultValue` text NOT NULL,
  PRIMARY KEY (`id`),
  UNIQUE KEY `key` (`key`)
) ENGINE=InnoDB AUTO_INCREMENT=3 DEFAULT CHARSET=latin1 COMMENT='This table lists the IVP system configuration parameters used by both core components and plugins to control the behavior of the system.';
/*!40101 SET character_set_client = @saved_cs_client */;

--
-- Dumping data for table `systemConfigurationParameter`
--

LOCK TABLES `systemConfigurationParameter` WRITE;
/*!40000 ALTER TABLE `systemConfigurationParameter` DISABLE KEYS */;
INSERT INTO `systemConfigurationParameter` VALUES (1,'LOG_FILE_NAME','ivpcore.log','ivpcore.log');
/*!40000 ALTER TABLE `systemConfigurationParameter` ENABLE KEYS */;
UNLOCK TABLES;

--
-- Table structure for table `user`
--

DROP TABLE IF EXISTS `user`;
/*!40101 SET @saved_cs_client     = @@character_set_client */;
/*!50503 SET character_set_client = utf8mb4 */;
CREATE TABLE `user` (
  `id` int(10) unsigned NOT NULL AUTO_INCREMENT COMMENT 'Primary key',
  `username` varchar(50) NOT NULL COMMENT 'The account name for the user, typically an email address',
  `password` varchar(64) NOT NULL COMMENT 'An encrypted password',
  `accessLevel` int(11) NOT NULL DEFAULT '1' COMMENT 'The access level permitted for this user, one of: \n  	1. read-only access to portal 	2. application administrator access 	3. system administrator, all access',
  PRIMARY KEY (`id`),
  UNIQUE KEY `UQ_user_id` (`id`),
  UNIQUE KEY `UQ_user_username` (`username`)
) ENGINE=InnoDB AUTO_INCREMENT=3 DEFAULT CHARSET=latin1 COMMENT='The list of accounts that can access the IVP platform via the administrative portal is held in the users table.';
/*!40101 SET character_set_client = @saved_cs_client */;

--
-- Dumping data for table `user`
--

LOCK TABLES `user` WRITE;
/*!40000 ALTER TABLE `user` DISABLE KEYS */;
INSERT INTO `user` VALUES (1,'v2xuser','c566c1fa580531b161be0ffccb8f9986ab94e91d2a788e263d991c7b5f775a42',3),(2,'user','04f8996da763b7a969b1028ee3007569eaf3a635486ddab211d512c85b9df8fb',3);
/*!40000 ALTER TABLE `user` ENABLE KEYS */;
UNLOCK TABLES;
/*!40103 SET TIME_ZONE=@OLD_TIME_ZONE */;

/*!40101 SET SQL_MODE=@OLD_SQL_MODE */;
/*!40014 SET FOREIGN_KEY_CHECKS=@OLD_FOREIGN_KEY_CHECKS */;
/*!40014 SET UNIQUE_CHECKS=@OLD_UNIQUE_CHECKS */;
/*!40101 SET CHARACTER_SET_CLIENT=@OLD_CHARACTER_SET_CLIENT */;
/*!40101 SET CHARACTER_SET_RESULTS=@OLD_CHARACTER_SET_RESULTS */;
/*!40101 SET COLLATION_CONNECTION=@OLD_COLLATION_CONNECTION */;
/*!40111 SET SQL_NOTES=@OLD_SQL_NOTES */;

-- Dump completed on 2025-03-13 12:53:34
